/*
Navicat MySQL Data Transfer

Source Server         : localhost_3306
Source Server Version : 50616
Source Host           : localhost:3306
Source Database       : ade3demo

Target Server Type    : MYSQL
Target Server Version : 50616
File Encoding         : 65001

Date: 2017-08-24 11:15:45
*/

SET FOREIGN_KEY_CHECKS=0;

-- ----------------------------
-- Table structure for ade_admin_logs
-- ----------------------------
DROP TABLE IF EXISTS `ade_admin_logs`;
CREATE TABLE `ade_admin_logs` (
`ID`  varchar(36) CHARACTER SET utf8 COLLATE utf8_general_ci NOT NULL COMMENT '编码' ,
`CONTENT`  varchar(100) CHARACTER SET utf8 COLLATE utf8_general_ci NOT NULL COMMENT '日志内容' ,
`BROWSER_TYPE`  varchar(36) CHARACTER SET utf8 COLLATE utf8_general_ci NOT NULL COMMENT '浏览器类型' ,
`BROWSER_VERSION`  varchar(36) CHARACTER SET utf8 COLLATE utf8_general_ci NOT NULL COMMENT '浏览器版本' ,
`OS_TYPE`  varchar(36) CHARACTER SET utf8 COLLATE utf8_general_ci NOT NULL COMMENT '操作系统类型' ,
`OS_VERSION`  varchar(36) CHARACTER SET utf8 COLLATE utf8_general_ci NOT NULL COMMENT '操作系统版本' ,
`MODULE_NAME`  varchar(300) CHARACTER SET utf8 COLLATE utf8_general_ci NULL DEFAULT NULL COMMENT '模块名称' ,
`OPERATE_TIME`  datetime NOT NULL COMMENT '操作时间' ,
`USER_ID`  varchar(32) CHARACTER SET utf8 COLLATE utf8_general_ci NOT NULL DEFAULT '' COMMENT '用户id' ,
`IP`  varchar(36) CHARACTER SET utf8 COLLATE utf8_general_ci NULL DEFAULT NULL COMMENT 'ip地址' ,
`LOG_TYPE`  varchar(36) CHARACTER SET utf8 COLLATE utf8_general_ci NOT NULL COMMENT '日志类型' ,
PRIMARY KEY (`ID`),
FOREIGN KEY (`USER_ID`) REFERENCES `ade_user` (`ID`) ON DELETE RESTRICT ON UPDATE RESTRICT,
INDEX `FK_6oewdjtq0ukav4cobrbh710my` (`USER_ID`) USING BTREE 
)
ENGINE=InnoDB
DEFAULT CHARACTER SET=utf8 COLLATE=utf8_general_ci

;

-- ----------------------------
-- Records of ade_admin_logs
-- ----------------------------
BEGIN;
INSERT INTO `ade_admin_logs` VALUES ('00393539EDAA43DDB2A64799E2D515CD', '管理员登录成功', 'Chrome', '49.0.2623.87', 'Windows', '10', null, '2017-06-21 17:21:43', '0', '192.168.3.198', '登录'), ('00EA67A3161240F7996B11FFED23862E', '新组织机构添加失败。', 'Chrome', '51.0.2704.106', 'Linux', '', null, '2016-07-11 18:09:15', '0', '本地', '添加'), ('0134BC0A9E9A41DDA05AE0A4A548430E', '管理员登录成功', 'Chrome', '59.0.3071.86', 'Windows', '10', null, '2017-07-26 13:55:11', '0', '本地', '登录'), ('014FB45736AD4C9DA37962C2A1BA034D', '管理员登录成功', 'Chrome', '59.0.3071.86', 'Windows', '10', null, '2017-07-26 09:35:34', '0', '本地', '登录'), ('01E7190927CA44A3B1CCC3C7FE784871', '管理员登录成功', 'Chrome', '51.0.2704.106', 'Linux', '', null, '2016-07-12 16:16:49', '0', '本地', '登录'), ('0223CD14FA6C42D0ACADB4C59396EC31', '管理员登录成功', 'Chrome', '59.0.3071.86', 'Windows', '10', null, '2017-07-10 09:36:48', '0', '本地', '登录'), ('023A9E2B5849460391F9A98693D1F446', '管理员登录成功', 'Chrome', '59.0.3071.86', 'Windows', '10', null, '2017-06-23 14:06:53', '0', '本地', '登录'), ('02ABF406C4F348939DD6E75BCB5EE518', '管理员登录成功', 'Chrome', '54.0.2840.87', 'Windows', '7', null, '2017-04-10 11:27:07', '0', '本地', '登录'), ('02B359DDD76547A99B4C66A9735AC068', '数据字典修改失败！：', 'Chrome', '59.0.3071.86', 'Windows', '10', null, '2017-08-24 10:43:47', '0', '本地', '编辑'), ('037D2B6B6BDB4806866CC22DE30AEBBB', '新组织机构删除成功', 'Chrome', '51.0.2704.106', 'Linux', '', null, '2016-07-12 15:50:14', '0', '本地', '删除'), ('048D5951390C421299942F660F72AA35', '组织机构修改失败', 'Chrome', '54.0.2840.99', 'Windows', '7', null, '2017-03-17 10:04:13', '0', '本地', '编辑'), ('04D498A8E1AE4ACDBE5A9012AA1D0AA2', '管理员登录成功', 'Chrome', '59.0.3071.86', 'Windows', '10', null, '2017-06-23 16:04:56', '0', '本地', '登录'), ('04F338529794478DBFB69DFB59BD93F4', '数据字典删除成功', 'Chrome', '59.0.3071.86', 'Windows', '10', null, '2017-08-23 12:59:56', '0', '本地', '删除'), ('0509CB507F494C8D8E88BD66C3EC4C13', '管理员登录成功', 'Chrome', '56.0.2924.87', 'Windows', '10', null, '2017-03-23 13:10:22', '0', '本地', '登录'), ('0569AE7F99C94F4697021BD796F49EE7', '数据字典修改成功!', 'Chrome', '59.0.3071.86', 'Windows', '10', null, '2017-08-23 13:41:25', 'F453057D25754554A075AC597C600D22', '本地', '编辑'), ('058467484A654AB4B10DAEAFDB7C5275', '管理员登录成功', 'Chrome', '59.0.3071.86', 'Windows', '10', null, '2017-06-23 13:05:31', '0', '本地', '登录'), ('05B1B91DA2A14A37A1176267AC2939E4', '管理员登录成功', 'Chrome', '54.0.2840.87', 'Windows', '7', null, '2017-04-10 11:25:49', '0', '本地', '登录'), ('070D505F4F7A40198451593E0A4A615D', '组织机构修改成功：', 'Chrome', '54.0.2840.99', 'Windows', '7', null, '2017-03-17 10:21:49', '0', '本地', '编辑'), ('0757B07851CC46C3B844F356124808E6', '管理员登录成功', 'Chrome', '56.0.2924.87', 'Windows', '10', null, '2017-03-23 11:00:48', '0', '本地', '登录'), ('07AA956F02774162ABB2DD3539B8F012', '导出成功', 'Chrome', '54.0.2840.99', 'Windows', '7', null, '2017-03-17 15:34:21', '0', '本地', '导出'), ('07AB76FC70164CA891896760154C6F1A', '组织机构修改失败', 'Chrome', '54.0.2840.99', 'Windows', '7', null, '2017-03-17 10:02:55', '0', '本地', '编辑'), ('0916BD995AD445A3B22235B794EAA02F', '管理员登录成功', 'Chrome', '59.0.3071.86', 'Windows', '10', null, '2017-07-31 10:09:15', '0', '本地', '登录'), ('0988F94AA99E491F8F359174B0156A5A', '管理员登录成功', 'Chrome', '54.0.2840.87', 'Windows', '7', null, '2017-04-11 14:28:45', '0', '本地', '登录'), ('09C2FC29026046DDA177C6132081BC51', '新组织机构添加成功。', 'Chrome', '51.0.2704.106', 'Linux', '', null, '2016-07-12 16:02:00', '0', '本地', '添加'), ('0B89DB37D7874A1DAC9E38BD31709FC5', '管理员登录成功', 'Chrome', '54.0.2840.99', 'Windows', '7', null, '2017-03-17 09:53:55', '0', '本地', '登录'), ('0BC3F23459E444B78F5FB62C4105AF17', '新组织机构修改成功：', 'Chrome', '51.0.2704.106', 'Linux', '', null, '2016-07-11 16:01:23', '0', '本地', '编辑'), ('0D5EAFA0280E4A4EB620CE0C83F3A036', '组织机构修改成功：', 'Chrome', '59.0.3071.86', 'Windows', '10', null, '2017-07-11 15:38:58', '0', '本地', '编辑'), ('0DD2668CF5A04E5BB38B5E231E3203E6', '数据字典删除成功', 'Chrome', '59.0.3071.86', 'Windows', '10', null, '2017-08-24 10:53:32', '0', '本地', '删除'), ('0E3DD4D3E41D45EFB4DA20480059ABA7', '新组织机构删除成功', 'Chrome', '51.0.2704.106', 'Linux', '', null, '2016-07-12 15:50:41', '0', '本地', '删除'), ('0EFF40615CBA4A6192637F1E79EA5148', '管理员登录成功', 'Chrome', '59.0.3071.86', 'Windows', '10', null, '2017-07-25 09:07:19', '0', '本地', '登录'), ('0F82584BD9D440448744084A62B00907', '管理员登录成功', 'Chrome', '56.0.2924.87', 'Windows', '10', null, '2017-03-16 10:26:58', '0', '本地', '登录'), ('0F9DF4CB3D43475D81F6197A9567F5A3', '新组织机构添加失败:', 'Chrome', '51.0.2704.106', 'Linux', '', null, '2016-07-11 17:24:22', '0', '本地', '添加'), ('10139FF3C4024250A4E2701743FE88C0', '管理员登录成功', 'Chrome', '54.0.2840.87', 'Windows', '7', null, '2017-04-11 09:59:12', '0', '本地', '登录'), ('13CC570E25774722870A41C0E5C54342', '管理员登录成功', 'Chrome', '59.0.3071.86', 'Windows', '10', null, '2017-08-23 09:23:34', '0', '本地', '登录'), ('1407B2D5E04A4BE19B087F4BAE46EC88', '删除成功', 'Chrome', '51.0.2704.106', 'Linux', '', null, '2016-07-12 16:03:18', '0', '本地', '删除'), ('14AC2182D4284222AEA31B42D209A9BB', '管理员登录成功', 'Chrome', '54.0.2840.99', 'Windows', '7', null, '2017-03-16 17:53:40', '0', '本地', '登录'), ('15242C3FC1D8413D9C876842367AA13E', '新组织机构添加失败。', 'Chrome', '51.0.2704.106', 'Linux', '', null, '2016-07-11 18:06:23', '0', '本地', '添加'), ('15251E8D26934376BEA28E4F6A7C08F1', '管理员登录成功', 'Chrome', '59.0.3071.86', 'Windows', '10', null, '2017-06-23 10:24:27', '0', '本地', '登录'), ('152A4D7C6BA54D7C840882FE0A563289', '管理员登录成功', 'Chrome', '49.0.2623.112', 'Windows', '10', null, '2016-07-20 15:42:36', '0', '本地', '登录'), ('15C15D97E2994A6CB54C2968B3FC62D9', '管理员登录成功', 'Chrome', '59.0.3071.86', 'Windows', '10', null, '2017-08-23 10:36:11', '0', '本地', '登录'), ('162D9E01023A4CC0937EF37541333D10', '管理员登录成功', 'Chrome', '59.0.3071.86', 'Windows', '10', null, '2017-07-28 13:33:46', '0', '本地', '登录'), ('166C9BEA77254C428B37F169BAB62F51', '管理员登录成功', 'Chrome', '52.0.2743.116', 'Mac', 'OS X', null, '2017-03-23 13:42:00', '0', '192.168.3.115', '登录'), ('179CBFFAFA404922AB0FAD7D872DFDF4', '管理员登录成功', 'Chrome', '59.0.3071.86', 'Windows', '10', null, '2017-06-23 10:26:24', '0', '本地', '登录'), ('179D4C01AA9443E29BD2EA7FA33E6C14', '管理员登录成功', 'Chrome', '51.0.2704.106', 'Linux', '', null, '2016-07-11 14:59:01', '0', '本地', '登录'), ('17ACBF439620418D8815D5CC30FC637B', '管理员登录成功', 'Chrome', '59.0.3071.86', 'Windows', '7', null, '2017-06-23 10:24:52', '0', '192.168.3.115', '登录'), ('17F6FC8326094177B10C5938BD71A7B0', '管理员登录成功', 'Chrome', '54.0.2840.87', 'Windows', '7', null, '2017-04-11 16:46:49', '0', '本地', '登录'), ('1819F2D0E68C4A32A5BF37A08078EF3A', '管理员登录成功', 'Chrome', '54.0.2840.87', 'Windows', '7', null, '2017-04-19 11:33:37', '0', '本地', '登录'), ('183D3F948CBE4D708873ADEBA04A6549', '导出成功', 'Chrome', '59.0.3071.86', 'Windows', '10', null, '2017-08-24 09:54:14', '0', '本地', '导出'), ('1A5BF4827A8A4396BECE644B0139294B', '新组织机构删除成功', 'Chrome', '51.0.2704.106', 'Linux', '', null, '2016-07-12 15:50:53', '0', '本地', '删除'), ('1ADDF949C51F4390A668B800FFC53961', '管理员登录成功', 'Chrome', '54.0.2840.99', 'Windows', '7', null, '2017-03-20 15:00:52', '0', '本地', '登录'), ('1B608FB43EC048998DA0EF16AEE57D3D', '组织机构修改成功：', 'Chrome', '51.0.2704.106', 'Linux', '', null, '2016-07-13 11:46:25', '0', '本地', '编辑'), ('1B9A8A498AB04434980A85A3A87225F5', '管理员登录成功', 'Chrome', '56.0.2924.87', 'Windows', '10', null, '2017-03-16 10:11:06', '0', '本地', '登录'), ('1BA02F91DBEA4497B45A22E8FE670C8B', '管理员登录成功', 'Chrome', '51.0.2704.106', 'Linux', '', null, '2016-07-11 17:40:34', '0', '本地', '登录'), ('1BF20D115E9A461892DFDD8330E6D113', '管理员登录成功', 'Chrome', '54.0.2840.87', 'Windows', '7', null, '2017-04-11 17:14:37', '0', '本地', '登录'), ('1C11FEE4B5D549F0BA5E7DB26A81015F', '管理员登录成功', 'Chrome', '51.0.2704.106', 'Linux', '', null, '2016-07-11 15:23:51', '0', '本地', '登录'), ('1C203E0603CB43B7897EB78BBE88F838', '新组织机构添加失败。', 'Chrome', '51.0.2704.106', 'Linux', '', null, '2016-07-11 18:08:32', '0', '本地', '添加'), ('1D0892D7CC754DDB98D6D41EF5B85D03', '导出成功', 'Chrome', '54.0.2840.99', 'Windows', '7', null, '2017-03-17 15:33:57', '0', '本地', '导出'), ('1DCB0CC72E8F4DBBB54508A50C376446', '组织机构修改成功：', 'Chrome', '54.0.2840.99', 'Windows', '7', null, '2017-03-17 10:22:22', '0', '本地', '编辑'), ('1E9965FD5E714B0C9BAFEF2D0649633A', '管理员登录成功', 'Chrome', '54.0.2840.99', 'Windows', '7', null, '2017-03-17 13:26:30', '0', '本地', '登录'), ('20A7AAD5F6454C8981099AFD99F8E428', '管理员登录成功', 'Chrome', '54.0.2840.99', 'Windows', '7', null, '2017-03-16 15:57:21', '0', '本地', '登录'), ('2164264648CF4D3A9F3E2BC5F249AA86', '管理员登录成功', 'Chrome', '59.0.3071.86', 'Windows', '10', null, '2017-08-10 12:08:56', '0', '本地', '登录'), ('21DB6480A511494DBDC1D461BE1D5876', '管理员登录成功', 'Chrome', '56.0.2924.87', 'Windows', '10', null, '2017-03-15 16:58:29', '0', '本地', '登录'), ('22E694EA6D554945B75017035C165BE8', '管理员登录成功', 'Chrome', '59.0.3071.86', 'Windows', '10', null, '2017-08-14 17:18:33', '0', '本地', '登录'), ('2340123065A84EEC8EFE4990B123AF71', '管理员登录成功', 'Chrome', '51.0.2704.106', 'Linux', '', null, '2016-07-12 15:48:12', '0', '本地', '登录'), ('235882BD7AA34B19AD770C91A625AAF2', '新数据字典添加成功', 'Chrome', '54.0.2840.87', 'Windows', '7', null, '2017-04-11 10:03:38', '0', '本地', '添加'), ('23D5F7E2290C48E2981CF159E2676B68', '管理员登录成功', 'Chrome', '59.0.3071.86', 'Windows', '10', null, '2017-06-20 11:40:34', '0', '本地', '登录'), ('247D251AFA974534A83F291EBAB3D6D1', '新数据字典添加成功', 'Chrome', '54.0.2840.87', 'Windows', '7', null, '2017-04-11 10:04:11', '0', '本地', '添加'), ('24881657AE544206A129EABC2A0426B8', '新数据字典添加失败', 'Chrome', '59.0.3071.86', 'Windows', '10', null, '2017-08-23 09:28:47', '0', '本地', '添加'), ('2510FD8F05124E14BF5A7DF6DEE93F66', '新组织机构添加失败。', 'Chrome', '51.0.2704.106', 'Linux', '', null, '2016-07-11 17:55:31', '0', '本地', '添加'), ('253BE7F804BA412584B5DAE3D206197A', '新组织机构删除成功', 'Chrome', '51.0.2704.106', 'Linux', '', null, '2016-07-12 15:50:24', '0', '本地', '删除'), ('266E7B05179747A7B17C1339D7BD1416', '管理员登录成功', 'Chrome', '59.0.3071.86', 'Windows', '10', null, '2017-06-20 17:06:08', '0', '本地', '登录'), ('270B4EFF4FAD4F7EB084390B125B27ED', '管理员登录成功', 'Chrome', '54.0.2840.99', 'Windows', '7', null, '2017-03-17 11:46:30', '0', '本地', '登录'), ('27E64680899C4E3795DD2CFF5EA2010A', '数据字典删除成功', 'Chrome', '59.0.3071.86', 'Windows', '10', null, '2017-08-23 09:28:29', '0', '本地', '删除'), ('2816C142D3E44E61AEC9240B7215B01F', '管理员登录成功', 'Chrome', '59.0.3071.86', 'Windows', '10', null, '2017-07-25 09:40:53', '0', '本地', '登录'), ('288828C2CC1F462BA0D90004A567E155', '组织机构修改失败', 'Chrome', '54.0.2840.99', 'Windows', '7', null, '2017-03-17 10:01:47', '0', '本地', '编辑'), ('28962C8C137E40AF87CDFC312B4866F5', '管理员登录成功', 'Chrome', '59.0.3071.86', 'Windows', '10', null, '2017-08-23 10:30:51', '0', '本地', '登录'), ('2A5A09F276724A3DA583747E99DF2F90', '管理员登录成功', 'Chrome', '51.0.2704.106', 'Linux', '', null, '2016-07-13 13:47:32', '0', '本地', '登录'), ('2A6778DC504744449C8A6AA6DE3275EB', '管理员登录成功', 'Chrome', '59.0.3071.86', 'Windows', '10', null, '2017-08-14 16:54:45', '0', '本地', '登录'), ('2A820B22731F4A49B8153AF1332D8C61', '管理员登录成功', 'Chrome', '51.0.2704.106', 'Linux', '', null, '2016-07-13 09:23:40', '0', '本地', '登录'), ('2AE11425595040C981CB1B4FE7B8492D', '管理员登录成功', 'Chrome', '51.0.2704.106', 'Linux', '', null, '2016-07-13 13:14:43', '0', '本地', '登录'), ('2B15344D07D240CEAE2199E00A1658B9', '新组织机构添加失败。', 'Chrome', '51.0.2704.106', 'Linux', '', null, '2016-07-11 18:08:15', '0', '本地', '添加'), ('2C312A1EC88D4996B63AF30147159A55', '管理员登录成功', 'Chrome', '54.0.2840.87', 'Windows', '7', null, '2017-04-12 10:24:03', '0', '本地', '登录'), ('2C6715BA4E9248E593792644592A8981', '管理员登录成功', 'Chrome', '59.0.3071.86', 'Windows', '10', null, '2017-06-22 14:32:40', '0', '本地', '登录'), ('2D0791C315A942E3BDD0BEE865D07492', '管理员登录成功', 'Chrome', '56.0.2924.87', 'Windows', '10', null, '2017-03-23 14:47:13', '0', '本地', '登录'), ('2D916CAB10BC4EE687AEEE96CC3B4B69', '管理员登录成功', 'Chrome', '59.0.3071.86', 'Windows', '10', null, '2017-06-23 10:23:50', '0', '本地', '登录'), ('2DE699C401B64F2E936D20D816A0CE77', '管理员登录成功', 'Chrome', '56.0.2924.87', 'Windows', '10', null, '2017-03-23 10:57:25', '0', '本地', '登录'), ('2E15BCEB561148DC86CC082FF47F6BAA', '新组织机构添加失败。', 'Chrome', '51.0.2704.106', 'Linux', '', null, '2016-07-11 18:08:11', '0', '本地', '添加'), ('2ED3FBD77AB646858CA3040ED3A9C321', '管理员登录成功', 'Chrome', '56.0.2924.87', 'Windows', '10', null, '2017-03-23 14:38:21', '0', '本地', '登录'), ('2FF52B206E2442CAA7CD733E4E94DDE2', '管理员登录成功', 'Chrome', '54.0.2840.87', 'Windows', '7', null, '2017-04-11 15:54:25', '0', '本地', '登录'), ('30B0E6CB6CA041D6907D5405A780EC8D', '组织机构修改失败：已经存在一个机构名称相同的组织机构！', 'Chrome', '54.0.2840.99', 'Windows', '7', null, '2017-03-17 10:06:47', '0', '本地', '编辑'), ('30F666FAA01847EFA012E5A51A85B373', '管理员登录成功', 'Chrome', '56.0.2924.87', 'Windows', '10', null, '2017-03-23 13:06:59', '0', '本地', '登录'), ('311EFC411BBB449FA182CAD07A8DD29F', '新组织机构添加成功：', 'Chrome', '51.0.2704.106', 'Linux', '', null, '2016-07-11 17:53:06', '0', '本地', '添加'), ('31D79457B60942AB9633E2EB0E86A489', '管理员登录成功', 'Chrome', '59.0.3071.86', 'Windows', '10', null, '2017-08-23 13:33:16', '0', '本地', '登录'), ('32AF0B6F127449238794B5AEEFDD26B8', '新数据字典添加成功', 'Chrome', '59.0.3071.86', 'Windows', '10', null, '2017-08-21 15:15:20', '0', '本地', '添加'), ('32C38CF338DA4338805407A324FFB249', '管理员登录成功', 'Chrome', '49.0.2623.112', 'Windows', '10', null, '2016-07-20 15:37:57', '0', '本地', '登录'), ('32F2EBFEF6BB46F395C1B595167EE519', '管理员登录成功', 'Chrome', '54.0.2840.99', 'Windows', '7', null, '2017-03-21 14:02:53', '0', '本地', '登录'), ('33557D6CF1864FDDB729AF55C0887DF9', '新组织机构添加成功。', 'Chrome', '51.0.2704.106', 'Linux', '', null, '2016-07-11 18:11:00', '0', '本地', '添加'), ('3365987FCD4B41BDAC5963730F40F0E2', '管理员登录成功', 'Chrome', '59.0.3071.86', 'Windows', '10', null, '2017-06-23 17:02:35', '0', '本地', '登录'), ('336BD3B9CC4E4F9AA53FD0675E123A22', '管理员登录成功', 'Chrome', '59.0.3071.86', 'Windows', '10', null, '2017-06-26 14:41:40', '0', '192.168.3.13', '登录'), ('3400EE00C0D045AB92710FE7400F5BD5', '管理员登录成功', 'Chrome', '56.0.2924.87', 'Windows', '10', null, '2017-03-23 14:47:41', '0', '本地', '登录');
INSERT INTO `ade_admin_logs` VALUES ('341D23187E6840CD826C13C7AB416AAF', '管理员登录成功', 'Chrome', '49.0.2623.112', 'Windows', '10', null, '2016-07-21 10:36:36', '0', '本地', '登录'), ('349F545A85DC404D8910B4C3B6B4031E', '管理员登录成功', 'Chrome', '54.0.2840.99', 'Windows', '7', null, '2017-03-16 17:55:50', '0', '本地', '登录'), ('35745D4BE9C94339B4DD688189213FAD', '管理员登录成功', 'Chrome', '59.0.3071.86', 'Windows', '10', null, '2017-06-26 11:45:16', '0', '本地', '登录'), ('372A1A9A105E401E9C049C33683112EB', '管理员登录成功', 'Chrome', '49.0.2623.112', 'Windows', '10', null, '2016-07-20 15:37:04', '0', '本地', '登录'), ('37BC9667D4D84F4D8064BCB5C22AE6B8', '管理员登录成功', 'Chrome', '59.0.3071.86', 'Windows', '10', null, '2017-07-24 10:48:13', '0', '192.168.3.13', '登录'), ('37D908D33D6D434EACD53FE19F6DCCD1', '管理员登录成功', 'Chrome', '54.0.2840.87', 'Windows', '7', null, '2017-03-28 09:31:35', '0', '本地', '登录'), ('3847E6CD36034B5394364E74D84C6E2E', '删除成功', 'Chrome', '51.0.2704.106', 'Linux', '', null, '2016-07-13 11:14:51', '0', '本地', '删除'), ('389E357226CE4AB69050594E66B41E24', '数据字典修改成功!', 'Chrome', '54.0.2840.87', 'Windows', '7', null, '2017-04-11 16:50:03', '0', '本地', '编辑'), ('391E81D736C543B2A5EF80A1B0D64710', '组织机构修改成功：', 'Chrome', '51.0.2704.106', 'Linux', '', null, '2016-07-12 15:59:49', '0', '本地', '编辑'), ('3937890787EC488FAD4BFD236BF5FB84', '数据字典修改成功!', 'Chrome', '59.0.3071.86', 'Windows', '10', null, '2017-08-23 13:41:45', 'F453057D25754554A075AC597C600D22', '本地', '编辑'), ('39DD418522FC434A9C978849F3031FC5', '管理员登录成功', 'Chrome', '54.0.2840.87', 'Windows', '7', null, '2017-04-11 15:03:54', '0', '本地', '登录'), ('39E5F7CEFACC4755A2E396110331C9A5', '新组织机构删除失败', 'Chrome', '51.0.2704.106', 'Linux', '', null, '2016-07-08 16:13:09', '0', '本地', '删除'), ('3A0BB935CB414267939D3A29D8CD5494', '管理员登录成功', 'Chrome', '59.0.3071.86', 'Windows', '10', null, '2017-08-24 10:28:50', '0', '本地', '登录'), ('3A60CC3FF02C4E7094897FEEC01ACDE0', '管理员登录成功', 'Chrome', '59.0.3071.86', 'Windows', '10', null, '2017-06-23 09:17:49', '0', '本地', '登录'), ('3A8DED5D9C5C462D914AF554DD6FA4F6', '数据字典修改成功!', 'Chrome', '59.0.3071.86', 'Windows', '10', null, '2017-08-21 15:16:48', '0', '本地', '编辑'), ('3B71A4ED8AA14598974686417F5E6750', '新数据字典添加成功', 'Chrome', '59.0.3071.86', 'Windows', '10', null, '2017-08-23 13:37:22', 'F453057D25754554A075AC597C600D22', '本地', '添加'), ('3BB269A40E104F1DB5859EA9D6C6A07F', '管理员登录成功', 'Chrome', '51.0.2704.103', 'Windows', '10', null, '2017-07-24 10:48:12', '0', '192.168.3.97', '登录'), ('3BE42D3413E442C49DA5CC673E5DEB62', '管理员登录成功', 'Chrome', '59.0.3071.86', 'Windows', '10', null, '2017-06-27 09:51:37', '0', '192.168.3.13', '登录'), ('3C81416ADCCB48ECA00CD389DA410643', '管理员登录成功', 'Chrome', '51.0.2704.106', 'Linux', '', null, '2016-07-08 16:18:33', '0', '本地', '登录'), ('3D266CF9B8B847EE95D1F4E0DB18B0F6', '管理员登录成功', 'Chrome', '59.0.3071.86', 'Windows', '10', null, '2017-06-26 11:54:12', '0', '192.168.3.13', '登录'), ('3D763F47B60E4DF1A17C0C3D770203F7', '管理员登录成功', 'Chrome', '51.0.2704.106', 'Linux', '', null, '2016-07-12 16:11:06', '0', '本地', '登录'), ('3E35D50A6DA34DC099E5AAA40BED812A', '新组织机构删除成功', 'Chrome', '51.0.2704.106', 'Linux', '', null, '2016-07-13 11:14:14', '0', '本地', '删除'), ('3E3E97B50ECF440093B5A4F0CF311349', '管理员登录成功', 'Chrome', '54.0.2840.99', 'Windows', '7', null, '2017-03-16 17:00:36', '0', '本地', '登录'), ('3E5F13BCE0A94104A1B21BA08B06232E', '新组织机构删除成功', 'Chrome', '51.0.2704.106', 'Linux', '', null, '2016-07-12 15:48:33', '0', '本地', '删除'), ('3E6ADC0CEBB84DF1BC03B236DECD52DD', '管理员登录成功', 'Chrome', '54.0.2840.99', 'Windows', '7', null, '2017-03-17 17:14:31', '0', '本地', '登录'), ('3EA0872256B94093B67E4596F438AE54', '管理员登录成功', 'Chrome', '51.0.2704.106', 'Linux', '', null, '2016-07-12 16:22:35', '0', '本地', '登录'), ('3EC439C359414EF691BD59EB5FA17645', '管理员登录成功', 'Chrome', '49.0.2623.112', 'Windows', '10', null, '2016-07-20 14:55:40', '0', '本地', '登录'), ('3FB0604039654B5C9BCF4862EAB99042', '管理员登录成功', 'Chrome', '56.0.2924.87', 'Windows', '10', null, '2017-03-16 13:15:16', '0', '192.168.3.186', '登录'), ('3FEBF1C56DED4A41B4BB0127C16FF490', '管理员登录成功', 'Chrome', '54.0.2840.99', 'Windows', '7', null, '2017-03-17 17:08:44', '0', '本地', '登录'), ('3FFC6483FAF144D7A0409C26821B1D0B', '管理员登录成功', 'Chrome', '59.0.3071.86', 'Windows', '10', null, '2017-07-11 13:36:53', '0', '本地', '登录'), ('4011EA225BA14E668EFF3BF04564F3A9', '数据字典删除成功', 'Chrome', '59.0.3071.86', 'Windows', '10', null, '2017-08-24 10:55:51', '0', '本地', '删除'), ('40488EDE9DC643A99BB04FB59C24BCEC', '管理员登录成功', 'Chrome', '51.0.2704.106', 'Linux', '', null, '2016-07-13 10:21:21', '0', '本地', '登录'), ('4052C6EB3528416FBD057F8C3A6DB2F2', '新组织机构修改成功：', 'Chrome', '51.0.2704.106', 'Linux', '', null, '2016-07-11 16:02:20', '0', '本地', '编辑'), ('4092C93CE9CE415196856F3A79225E47', '管理员登录成功', 'Chrome', '59.0.3071.86', 'Windows', '10', null, '2017-07-28 14:24:12', '0', '本地', '登录'), ('412AE7AC34794D22B7481F6A519E237F', '管理员登录成功', 'Chrome', '59.0.3071.86', 'Windows', '10', null, '2017-08-24 09:53:49', '0', '本地', '登录'), ('41DB14BB9B52437EAEA6A1E000799328', '导出成功', 'Chrome', '59.0.3071.86', 'Windows', '10', null, '2017-08-14 16:25:33', '0', '本地', '导出'), ('428879FF4A454EED88C82141494AAC22', '组织机构修改失败', 'Chrome', '54.0.2840.99', 'Windows', '7', null, '2017-03-17 10:04:55', '0', '本地', '编辑'), ('42C6735A6CF149CD93B503A2377C2498', '新组织机构添加失败:', 'Chrome', '51.0.2704.106', 'Linux', '', null, '2016-07-11 17:23:58', '0', '本地', '添加'), ('434B9DE062A14F69930AF5C37616C00F', '管理员登录成功', 'Chrome', '54.0.2840.87', 'Windows', '7', null, '2017-04-10 15:17:59', '0', '本地', '登录'), ('43A89E6DB9B94906B32C26B74251C8BF', '管理员登录成功', 'Chrome', '54.0.2840.87', 'Windows', '7', null, '2017-04-11 16:07:50', '0', '本地', '登录'), ('43ACBFF1FDB14457836154B3C192D9BB', '数据字典修改失败！：', 'Chrome', '59.0.3071.86', 'Windows', '10', null, '2017-08-24 10:45:27', '0', '本地', '编辑'), ('44264357341F459A8F602219966F96B0', '管理员登录成功', 'Chrome', '51.0.2704.106', 'Linux', '', null, '2016-07-08 16:24:17', '0', '本地', '登录'), ('44C3345DA78B4A3BA35500E3607C91EB', '管理员登录成功', 'Chrome', '49.0.2623.112', 'Windows', '10', null, '2016-07-20 14:56:50', '0', '本地', '登录'), ('4569457D4861483BB0C5099568B556F9', '管理员登录成功', 'Chrome', '59.0.3071.86', 'Windows', '10', null, '2017-08-23 09:50:07', '0', '本地', '登录'), ('45775FFD931046E38C7018FC62238F7A', '管理员登录成功', 'Chrome', '59.0.3071.86', 'Windows', '10', null, '2017-07-28 14:27:58', '0', '本地', '登录'), ('4604AA77E5A84ECDB0ADE88E8416F157', '删除成功', 'Chrome', '59.0.3071.86', 'Windows', '10', null, '2017-07-11 15:38:44', '0', '本地', '删除'), ('460587C220A042709195D8A0E5C3C2A8', '新组织机构删除成功', 'Chrome', '51.0.2704.106', 'Linux', '', null, '2016-07-12 15:50:02', '0', '本地', '删除'), ('461D5942F6594439B037B812C9C4BDE0', '管理员登录成功', 'Chrome', '51.0.2704.103', 'Windows', '10', null, '2017-06-26 11:54:32', '0', '192.168.3.97', '登录'), ('469CF53433EA471E96723C979DF35E5D', '组织机构修改失败：已经存在一个机构名称相同的组织机构！', 'Chrome', '54.0.2840.99', 'Windows', '7', null, '2017-03-17 10:07:31', '0', '本地', '编辑'), ('46F44726BC3D4CB9BA1C50099BC4885B', '管理员登录成功', 'Chrome', '54.0.2840.99', 'Windows', '7', null, '2017-03-16 14:15:21', '0', '本地', '登录'), ('47A1234B27E6424685EC928DF83AE278', '管理员登录成功', 'Chrome', '54.0.2840.99', 'Windows', '7', null, '2017-03-16 16:55:09', '0', '本地', '登录'), ('47A8B99AE66C424EAA7725A7DD341BA0', '管理员登录成功', 'Chrome', '54.0.2840.99', 'Windows', '7', null, '2017-03-17 17:56:28', '0', '本地', '登录'), ('47F7DF486FB94F14AA9F2831C02F97D1', '组织机构修改成功：', 'Chrome', '54.0.2840.99', 'Windows', '7', null, '2017-03-17 10:07:36', '0', '本地', '编辑'), ('48A9985AFC444CF1AD2C3911B817DAC5', '管理员登录成功', 'Firefox', '52.0', 'Windows', '10', null, '2017-03-23 15:38:35', '0', '本地', '登录'), ('48E8404FA94C40D9BFE254896E3EB4F4', '管理员登录成功', 'Chrome', '59.0.3071.86', 'Windows', '10', null, '2017-08-21 17:57:24', '0', '本地', '登录'), ('4A406EC047104A55A0118574583AD51E', '管理员登录成功', 'Firefox', '52.0', 'Windows', '10', null, '2017-03-23 14:50:07', '0', '本地', '登录'), ('4AC65159A58444368D94E51A2936084F', '数据字典修改成功!', 'Chrome', '59.0.3071.86', 'Windows', '10', null, '2017-08-24 10:53:54', '0', '本地', '编辑'), ('4B829DEDCD1140AF8DB2A8A4FC50FBBF', '管理员登录成功', 'Chrome', '54.0.2840.99', 'Windows', '7', null, '2017-03-16 16:39:06', '0', '本地', '登录'), ('4C65271EB16F4132A3A7A8937FEFCE03', '新数据字典添加成功', 'Chrome', '59.0.3071.86', 'Windows', '10', null, '2017-08-23 09:28:52', '0', '本地', '添加'), ('4CBBF1DA32A04CBBB1E46D87E9740D31', '管理员登录成功', 'Chrome', '51.0.2704.106', 'Linux', '', null, '2016-07-12 17:23:49', '0', '本地', '登录'), ('4D0EB8D5737B404A9B46CF403AA8A8CF', '新组织机构添加成功。', 'Chrome', '51.0.2704.106', 'Linux', '', null, '2016-07-13 13:47:45', '0', '本地', '添加'), ('4DE379194A1E4C2ABD48221D8B0AA19D', '数据字典修改成功!', 'Chrome', '59.0.3071.86', 'Windows', '10', null, '2017-08-23 09:30:16', '0', '本地', '编辑'), ('4E02C92D495F4C9390B4F05227FD80C9', '新数据字典添加成功', 'Chrome', '59.0.3071.86', 'Windows', '10', null, '2017-08-21 14:53:27', '0', '本地', '添加'), ('4FA1EC29F1B04540ACB1E69D000664FF', '组织机构修改失败：已经存在一个机构名称相同的组织机构！', 'Chrome', '54.0.2840.99', 'Windows', '7', null, '2017-03-17 10:08:28', '0', '本地', '编辑'), ('4FB1326AB75E42539E641F4AAEB9E29D', '新组织机构添加失败：', 'Chrome', '51.0.2704.106', 'Linux', '', null, '2016-07-11 17:53:35', '0', '本地', '添加'), ('50E58A1D8AA64C79A6ED1B829BE6C1F8', '删除成功', 'Chrome', '51.0.2704.106', 'Linux', '', null, '2016-07-13 11:14:09', '0', '本地', '删除'), ('528D82D80BED425B9569ED7D20D13768', '管理员登录成功', 'Chrome', '56.0.2924.87', 'Windows', '10', null, '2017-03-23 10:56:41', '0', '本地', '登录'), ('528E38F81BA942A1AB63E27C7670D1DA', '数据字典删除失败', 'Chrome', '59.0.3071.86', 'Windows', '10', null, '2017-08-23 13:38:10', 'F453057D25754554A075AC597C600D22', '本地', '删除'), ('5327B8DCCBD04BA3AE4E12D70C652955', '管理员登录成功', 'Chrome', '56.0.2924.87', 'Windows', '10', null, '2017-03-23 10:48:41', '0', '本地', '登录'), ('5375DEE889D4448DA90675AA0976F206', '数据字典修改失败', 'Chrome', '59.0.3071.86', 'Windows', '10', null, '2017-08-24 10:43:17', '0', '本地', '编辑'), ('53B3CB55994C496DB8DB177292427BC4', '管理员登录成功', 'Chrome', '59.0.3071.86', 'Windows', '10', null, '2017-07-28 13:21:31', '0', '本地', '登录'), ('542B8827693F45D19544D35A38DA335E', '管理员登录成功', 'Chrome', '59.0.3071.86', 'Windows', '10', null, '2017-06-20 10:33:33', '0', '本地', '登录'), ('546D29EB887A441BBF0A4B1B34DEBAC3', '删除成功', 'Chrome', '51.0.2704.106', 'Linux', '', null, '2016-07-12 16:02:14', '0', '本地', '删除'), ('550DC30044C44525ACA38ABEFEF61AD7', '管理员登录成功', 'Chrome', '59.0.3071.86', 'Windows', '10', null, '2017-06-26 15:20:04', '0', '192.168.3.13', '登录'), ('56A706D40E0C4CBAAAC6848A8BCD395D', '新数据字典添加失败', 'Chrome', '59.0.3071.86', 'Windows', '10', null, '2017-08-21 15:14:44', '0', '本地', '添加'), ('56C61D5D8D8D443195BCE5FDD9EB2A39', '数据字典修改成功!', 'Chrome', '54.0.2840.87', 'Windows', '7', null, '2017-04-11 15:54:56', '0', '本地', '编辑'), ('5813353A79D64B11869187B4D3C14A60', '管理员登录成功', 'Chrome', '54.0.2840.99', 'Windows', '7', null, '2017-03-21 13:38:09', '0', '本地', '登录'), ('587E6F2952B14773B6588EBA252CE3C0', '管理员登录成功', 'Chrome', '56.0.2924.87', 'Windows', '10', null, '2017-03-23 14:49:22', '0', '本地', '登录'), ('59048C70AC154E7292E36BBF2EF43A24', '新组织机构删除失败', 'Chrome', '51.0.2704.106', 'Linux', '', null, '2016-07-11 17:50:54', '0', '本地', '删除'), ('59BBC0B49BD746F394FA98333749FFF8', '管理员登录成功', 'Chrome', '54.0.2840.87', 'Windows', '7', null, '2017-05-15 10:22:56', '0', '本地', '登录'), ('5A3B197529CB4EFB867BD88BCDCD67F6', '管理员登录成功', 'Chrome', '59.0.3071.86', 'Windows', '10', null, '2017-08-15 15:07:24', '0', '本地', '登录'), ('5B384E271E614F02A1F29ECB40EDE9C7', '管理员登录成功', 'Chrome', '54.0.2840.87', 'Windows', '7', null, '2017-05-15 10:39:57', '0', '本地', '登录'), ('5BEA306066BD44EAB2E3E2E7BDDA9C7F', '新组织机构删除成功', 'Chrome', '51.0.2704.106', 'Linux', '', null, '2016-07-12 15:50:21', '0', '本地', '删除'), ('5C002C5983C44E84829194EBF269DABF', '数据字典删除成功', 'Chrome', '54.0.2840.87', 'Windows', '7', null, '2017-04-10 11:27:23', '6E1FFE66108F4888B039E0C7D08853A4', '本地', '删除'), ('5C605A5599D749FF93B51581606F4FBE', '管理员登录成功', 'Chrome', '54.0.2840.99', 'Windows', '7', null, '2017-03-20 17:51:01', '0', '本地', '登录'), ('5C647CF60DC94EB3BA36FD31C4D7BFB7', '管理员登录成功', 'Chrome', '59.0.3071.86', 'Windows', '10', null, '2017-07-06 13:21:44', '0', '本地', '登录'), ('5CB049AD068A4051AB0EBC7A30095ECF', '组织机构修改失败', 'Chrome', '54.0.2840.99', 'Windows', '7', null, '2017-03-17 10:02:01', '0', '本地', '编辑'), ('5CFAD86D86B045A88DA9FC6B2727C5C3', '管理员登录成功', 'Chrome', '51.0.2704.106', 'Linux', '', null, '2016-07-11 17:50:04', '0', '本地', '登录'), ('5D16F61705A94D18AE01A1B9C1DC4B25', '管理员登录成功', 'Chrome', '54.0.2840.99', 'Windows', '7', null, '2017-03-16 18:08:23', '0', '本地', '登录'), ('5D90040752EA4DE383EAEDE18FC43F8E', '管理员登录成功', 'Chrome', '54.0.2840.99', 'Windows', '7', null, '2017-03-16 16:48:00', '0', '本地', '登录'), ('5E214DB797094CFCB1F4932A6C8B590E', '管理员登录成功', 'Chrome', '56.0.2924.87', 'Windows', '10', null, '2017-03-16 10:25:19', '0', '本地', '登录'), ('603E2A4EB5DB45368CB492F4C30B1A81', '新组织机构添加成功。', 'Chrome', '51.0.2704.106', 'Linux', '', null, '2016-07-13 11:14:36', '0', '本地', '添加'), ('608DE385B0D74C84BE92F1CDD3943013', '新组织机构删除成功', 'Chrome', '51.0.2704.106', 'Linux', '', null, '2016-07-12 15:50:33', '0', '本地', '删除'), ('6174E144A2D642D9A688291E7DBA7B69', '组织机构修改失败', 'Chrome', '54.0.2840.99', 'Windows', '7', null, '2017-03-17 10:02:56', '0', '本地', '编辑'), ('61C44A81525944C9BD3B600A6106AF55', '管理员登录成功', 'Chrome', '54.0.2840.87', 'Windows', '7', null, '2017-04-11 16:02:19', '0', '本地', '登录'), ('61DEE07F317C4373AB71F9547B0B156D', '管理员登录成功', 'Chrome', '54.0.2840.99', 'Windows', '7', null, '2017-03-17 13:43:50', '0', '本地', '登录'), ('62CF4DD159BD40C7BC6256AFC938017A', '新组织机构添加成功。', 'Chrome', '51.0.2704.106', 'Linux', '', null, '2016-07-11 17:55:10', '0', '本地', '添加'), ('62F844632D544ABAAAF4B5D1B9BA9E71', '新组织机构添加成功：', 'Chrome', '51.0.2704.106', 'Linux', '', null, '2016-07-11 17:50:47', '0', '本地', '添加'), ('631F809EE2C4443BAACFDEA878AC9A40', '组织机构修改失败', 'Chrome', '54.0.2840.99', 'Windows', '7', null, '2017-03-17 10:04:26', '0', '本地', '编辑'), ('63BC465661824BAA94316E2F50D94FDE', '新组织机构添加失败。', 'Chrome', '51.0.2704.106', 'Linux', '', null, '2016-07-11 17:56:01', '0', '本地', '添加');
INSERT INTO `ade_admin_logs` VALUES ('642E3943A5A54D7A963FFE3E8164A40A', '管理员登录成功', 'Chrome', '56.0.2924.87', 'Windows', '10', null, '2017-03-15 11:50:28', '0', '本地', '登录'), ('644614D7C4974F93955BFEB68C64EEDF', '管理员登录成功', 'Chrome', '59.0.3071.86', 'Windows', '10', null, '2017-07-31 09:34:17', '0', '本地', '登录'), ('6507BB2FEC4949169109D4268AD650D4', '管理员登录成功', 'Chrome', '54.0.2840.99', 'Windows', '7', null, '2017-03-20 14:57:57', '0', '本地', '登录'), ('6515FCFB1F9244F3905813A04F58F03C', '新数据字典添加成功', 'Chrome', '59.0.3071.86', 'Windows', '10', null, '2017-08-23 13:41:13', 'F453057D25754554A075AC597C600D22', '本地', '添加'), ('6618CF73178C4567A629C401E24B3845', '管理员登录成功', 'Chrome', '59.0.3071.86', 'Windows', '10', null, '2017-06-26 09:53:05', '0', '本地', '登录'), ('668EA79D043046E19275A1E6D8B585A9', '数据字典修改成功!', 'Chrome', '59.0.3071.86', 'Windows', '10', null, '2017-08-24 10:49:32', '0', '本地', '编辑'), ('66BFFED9FE384D1BB8DDDFF96F1BB9C0', '新组织机构删除失败', 'Chrome', '51.0.2704.106', 'Linux', '', null, '2016-07-08 16:13:14', '0', '本地', '删除'), ('6703C01FF6D04DC180E103755AD2CA89', '新组织机构添加成功。', 'Chrome', '51.0.2704.106', 'Linux', '', null, '2016-07-13 13:48:11', '0', '本地', '添加'), ('6704E8A381A544CB99E7B4DB50959018', '管理员登录成功', 'Chrome', '51.0.2704.106', 'Linux', '', null, '2016-07-12 16:47:24', '0', '本地', '登录'), ('688B414693BD4C949222A7CBA4DB4171', '管理员登录成功', 'Chrome', '59.0.3071.86', 'Windows', '10', null, '2017-08-15 14:06:58', '0', '本地', '登录'), ('68EC730E2B2E40EA8FBCCA2F09B6E55A', '管理员登录成功', 'Chrome', '59.0.3071.86', 'Windows', '10', null, '2017-07-28 15:03:05', '0', '本地', '登录'), ('69F4B5DA978344079E8F231D9BC8FD33', '新组织机构删除成功', 'Chrome', '51.0.2704.106', 'Linux', '', null, '2016-07-12 15:50:38', '0', '本地', '删除'), ('6A6623D3BC5144BA8D8BE4BC4817F597', '管理员登录成功', 'Chrome', '54.0.2840.99', 'Windows', '7', null, '2017-03-17 15:47:12', '0', '本地', '登录'), ('6B19D6D910F54960B0BCDFF7F52BED50', '管理员登录成功', 'Chrome', '59.0.3071.86', 'Windows', '10', null, '2017-08-23 09:41:53', '0', '本地', '登录'), ('6B1DD085811C4E639527D5D9D6265870', '管理员登录成功', 'Chrome', '54.0.2840.99', 'Windows', '7', null, '2017-03-20 13:24:06', '0', '本地', '登录'), ('6B733DE4B16B4DC0AE9D0E81E60B0402', '删除成功', 'Chrome', '51.0.2704.106', 'Linux', '', null, '2016-07-13 11:15:17', '0', '本地', '删除'), ('6C83376308694E95B4EC706F930B61CA', '新数据字典添加成功', 'Chrome', '54.0.2840.87', 'Windows', '7', null, '2017-04-11 10:02:16', '0', '本地', '添加'), ('6D2BAE6E5D4448B6BA31E2EFC647388B', '管理员登录成功', 'Chrome', '51.0.2704.106', 'Linux', '', null, '2016-07-11 15:41:30', '0', '本地', '登录'), ('6D2FB5D6BEA74B1B9311B4091627D259', '新组织机构修改成功：', 'Chrome', '51.0.2704.106', 'Linux', '', null, '2016-07-11 15:47:13', '0', '本地', '编辑'), ('6E14AF7FDD37494F9B38D3E924DBA331', '数据字典修改成功!', 'Chrome', '59.0.3071.86', 'Windows', '10', null, '2017-08-24 10:43:39', '0', '本地', '编辑'), ('6EA04C2FCE774C5896F311ABD5AB93C6', '管理员登录成功', 'Chrome', '59.0.3071.86', 'Windows', '10', null, '2017-08-23 13:42:53', '0', '本地', '登录'), ('6EF86E8EED72474898807AC7122A02A0', '管理员登录成功', 'Chrome', '59.0.3071.86', 'Windows', '7', null, '2017-06-23 10:25:37', '0', '192.168.3.115', '登录'), ('6F845372672E42958D633B6601419501', '管理员登录成功', 'Chrome', '51.0.2704.106', 'Linux', '', null, '2016-07-11 15:08:00', '0', '本地', '登录'), ('6FC5A46A4AEF4C1888B28F8CA35344FA', '新组织机构删除成功', 'Chrome', '51.0.2704.106', 'Linux', '', null, '2016-07-12 15:49:59', '0', '本地', '删除'), ('714A68D727524C168AD96AB4A59ABE40', '管理员登录成功', 'Chrome', '54.0.2840.87', 'Windows', '7', null, '2017-04-11 14:30:15', '0', '本地', '登录'), ('7246FB635E1246CEA167CEAE12E7AAD8', '新数据字典添加成功', 'Chrome', '59.0.3071.86', 'Windows', '10', null, '2017-08-23 09:28:19', '0', '本地', '添加'), ('725A5EAAE81844348982BDDE115EBE4D', '管理员登录成功', 'Chrome', '59.0.3071.86', 'Windows', '10', null, '2017-06-20 15:10:34', '0', '本地', '登录'), ('728DD9EB0E3E437BA7E7FF58293143F0', '管理员登录成功', 'Chrome', '51.0.2704.106', 'Linux', '', null, '2016-07-13 13:14:40', '0', '本地', '登录'), ('72977EF9BEF748018FE8FC5BB8BAB666', '管理员登录成功', 'Chrome', '54.0.2840.87', 'Windows', '7', null, '2017-04-11 10:24:46', '0', '本地', '登录'), ('72A174DF5FA240BD800EB039B7365BEB', '新组织机构添加成功。', 'Chrome', '51.0.2704.106', 'Linux', '', null, '2016-07-11 18:10:24', '0', '本地', '添加'), ('73D54909BFB241FF8FFB3A3B7B856D2D', '新数据字典添加失败', 'Chrome', '59.0.3071.86', 'Windows', '10', null, '2017-08-21 15:14:42', '0', '本地', '添加'), ('76C927C67CB24300A49F1E0F53A967D2', '新组织机构添加失败:', 'Chrome', '51.0.2704.106', 'Linux', '', null, '2016-07-11 17:48:54', '0', '本地', '添加'), ('7895B51C0EDE404C85749BF12DAF69B1', '新组织机构删除成功', 'Chrome', '51.0.2704.106', 'Linux', '', null, '2016-07-12 15:50:46', '0', '本地', '删除'), ('7A28674359AF4A2B9CFFEE9C26B221FA', '新组织机构添加失败。', 'Chrome', '51.0.2704.106', 'Linux', '', null, '2016-07-13 13:48:06', '0', '本地', '添加'), ('7A5422F5E2A94B72865F034F9FC9D212', '数据字典修改成功!', 'Chrome', '59.0.3071.86', 'Windows', '10', null, '2017-08-21 15:10:46', '0', '本地', '编辑'), ('7B1DD1E2CAFD495ABBD764D9672BE497', '管理员登录成功', 'Chrome', '59.0.3071.86', 'Windows', '10', null, '2017-08-24 10:58:35', '0', '本地', '登录'), ('7BCE1963D0A74C0EAADC79B481B32B1E', '管理员登录成功', 'Chrome', '59.0.3071.86', 'Windows', '10', null, '2017-08-15 15:07:13', '0', '127.0.0.1', '登录'), ('7C77EC8B11DD40B29B93091F7779FA51', '管理员登录成功', 'Firefox', '47.0', 'Ubuntu', '', null, '2016-07-12 15:54:15', '0', '127.0.0.1', '登录'), ('7C8DFF6780CB432EB1D3D21A161C12EB', '管理员登录成功', 'Chrome', '51.0.2704.106', 'Linux', '', null, '2016-07-13 16:57:41', '0', '本地', '登录'), ('7CF971DDE435482D888561472A0FA35E', '管理员登录成功', 'Chrome', '54.0.2840.99', 'Windows', '7', null, '2017-03-16 17:18:00', '0', '本地', '登录'), ('7D786ADF243A41B3A096788343E004D8', '数据字典修改成功!', 'Chrome', '54.0.2840.87', 'Windows', '7', null, '2017-04-11 10:04:45', '0', '本地', '编辑'), ('7F3BD7FF9DFA4821B1405DCC31AB3686', '管理员登录成功', 'Chrome', '59.0.3071.86', 'Windows', '10', null, '2017-08-03 14:12:28', '0', '本地', '登录'), ('7F95AD78BBC34472B3BD8A6858F81CF4', '管理员登录成功', 'Chrome', '56.0.2924.87', 'Windows', '10', null, '2017-03-23 10:17:54', '0', '本地', '登录'), ('7FD0CB1D174F41B8BEDC15B048B13B29', '新组织机构删除成功', 'Chrome', '51.0.2704.106', 'Linux', '', null, '2016-07-13 11:14:20', '0', '本地', '删除'), ('8066C2767D0D4789838A01A0222EDB74', '管理员登录成功', 'Chrome', '59.0.3071.86', 'Windows', '10', null, '2017-08-24 10:26:44', '0', '本地', '登录'), ('809E6E3892614733B05D03BCDB40F18E', '管理员登录成功', 'Chrome', '52.0.2743.116', 'Mac', 'OS X', null, '2017-06-23 09:39:37', '0', '192.168.3.239', '登录'), ('8125D119325741368A2DB3627C56B8C2', '新组织机构添加成功。', 'Chrome', '51.0.2704.106', 'Linux', '', null, '2016-07-12 15:51:18', '0', '本地', '添加'), ('8160B4DBF777409BAC68D7626297AE21', '管理员登录成功', 'Chrome', '59.0.3071.86', 'Windows', '10', null, '2017-08-16 11:28:53', '0', '本地', '登录'), ('81EB3F74B4D543279A0459C058F02668', '管理员登录成功', 'Chrome', '59.0.3071.86', 'Windows', '10', null, '2017-08-24 10:25:49', '0', '本地', '登录'), ('82017222ADF142ED8D7A082ECBE88F74', '管理员登录成功', 'Chrome', '59.0.3071.86', 'Windows', '10', null, '2017-06-21 17:21:44', '0', '192.168.3.238', '登录'), ('820D97ABE0654272BD17EDE882934B2D', '新数据字典添加成功', 'Chrome', '59.0.3071.86', 'Windows', '10', null, '2017-08-21 15:11:56', '0', '本地', '添加'), ('823774F8E5344EE792233313A8CD7307', '组织机构修改成功：', 'Chrome', '54.0.2840.99', 'Windows', '7', null, '2017-03-17 10:07:06', '0', '本地', '编辑'), ('829705D91E6D463692C77A4D096368A8', '新数据字典添加失败', 'Chrome', '59.0.3071.86', 'Windows', '10', null, '2017-08-21 15:14:46', '0', '本地', '添加'), ('82EF29FEECA347BEB36EE6B2B84D4DA1', '新数据字典添加成功', 'Chrome', '59.0.3071.86', 'Windows', '10', null, '2017-08-21 14:52:34', '0', '本地', '添加'), ('833237F3DF9842D6965395CCFEA69A09', '新组织机构添加成功。', 'Chrome', '51.0.2704.106', 'Linux', '', null, '2016-07-11 18:10:43', '0', '本地', '添加'), ('836ED72FFECC4AB69883F3A20401D790', '管理员登录成功', 'Chrome', '59.0.3071.86', 'Windows', '10', null, '2017-06-22 15:09:35', '0', '本地', '登录'), ('849F0D79BF5D48589963FA0C14114DB7', '管理员登录成功', 'Chrome', '56.0.2924.87', 'Windows', '10', null, '2017-03-16 09:49:00', '0', '本地', '登录'), ('84B1DB7DED2B45B382DA722B986FC7B3', '管理员登录成功', 'Chrome', '54.0.2840.99', 'Windows', '7', null, '2017-03-16 14:33:50', '0', '本地', '登录'), ('8505418A7B8D40B18ECF038D4D0604ED', '管理员登录成功', 'Chrome', '59.0.3071.86', 'Windows', '10', null, '2017-08-24 10:24:21', '0', '本地', '登录'), ('8598060730AA4A4496D61DAC7FF1F5F7', '新组织机构修改成功：', 'Chrome', '51.0.2704.106', 'Linux', '', null, '2016-07-11 16:00:35', '0', '本地', '编辑'), ('86BF26A998DF491C8FFC326ED06FA019', '新组织机构添加失败。', 'Chrome', '51.0.2704.106', 'Linux', '', null, '2016-07-12 15:23:33', '0', '本地', '添加'), ('871328A25643433EB7F4BB596740A1A4', '管理员登录成功', 'Chrome', '49.0.2623.112', 'Windows', '10', null, '2016-07-20 15:41:31', '0', '本地', '登录'), ('886EFCB3F50F486A82A43BD5EF2D83A6', '数据字典修改失败！：', 'Chrome', '59.0.3071.86', 'Windows', '10', null, '2017-08-24 10:45:30', '0', '本地', '编辑'), ('88B844C18BE84175B217BF727D5F4B53', '管理员登录成功', 'Chrome', '56.0.2924.87', 'Windows', '10', null, '2017-03-15 13:10:03', '0', '本地', '登录'), ('88EFEFD60B2F4382B2058062D0B0667F', '数据字典修改成功!', 'Chrome', '59.0.3071.86', 'Windows', '10', null, '2017-08-21 15:17:12', '0', '本地', '编辑'), ('894DF7D6CABA42439217B22AA47CABAD', '管理员登录成功', 'Chrome', '59.0.3071.86', 'Windows', '10', null, '2017-06-21 15:51:48', '0', '本地', '登录'), ('89573C52DFAF458B900AEE6512456660', '新组织机构删除成功', 'Chrome', '54.0.2840.99', 'Windows', '7', null, '2017-03-17 10:21:58', '0', '本地', '删除'), ('8A6B7EA8FD194EEE90C580FAFC58ED5F', '数据字典删除失败', 'Chrome', '59.0.3071.86', 'Windows', '10', null, '2017-08-23 13:37:27', 'F453057D25754554A075AC597C600D22', '本地', '删除'), ('8AA9BB8FE7834304AC59440E4312D9E3', '管理员登录成功', 'Chrome', '54.0.2840.87', 'Windows', '7', null, '2017-04-11 16:08:59', '0', '本地', '登录'), ('8ACF3BD8707E499FA9F99AF72153F930', '组织机构修改成功：', 'Chrome', '51.0.2704.106', 'Linux', '', null, '2016-07-13 13:49:38', '0', '本地', '编辑'), ('8AF8EC41972C4C0AAA915F9C0386DB8B', '管理员登录成功', 'Chrome', '59.0.3071.86', 'Windows', '10', null, '2017-06-26 13:59:29', '0', '192.168.3.13', '登录'), ('8AFB878665E94BAF836178275CD0B284', '管理员登录成功', 'Chrome', '51.0.2704.106', 'Linux', '', null, '2016-07-11 15:37:05', '0', '本地', '登录'), ('8B2956C3EA674853B91DFC3691906DA0', '管理员登录成功', 'Chrome', '54.0.2840.99', 'Windows', '7', null, '2017-03-16 15:18:00', '0', '本地', '登录'), ('8B5941797AAB464482D4F62BE00650E4', '管理员登录成功', 'Chrome', '59.0.3071.86', 'Windows', '10', null, '2017-07-31 16:55:38', '0', '本地', '登录'), ('8B8FF52082D84934B619230323500E73', '组织机构修改失败：已经存在一个机构名称相同的组织机构！', 'Chrome', '54.0.2840.99', 'Windows', '7', null, '2017-03-17 10:09:14', '0', '本地', '编辑'), ('8BF500BDABED45F3B5C3786352D4DE90', '管理员登录成功', 'Chrome', '51.0.2704.106', 'Linux', '', null, '2016-07-11 14:39:07', '0', '本地', '登录'), ('8C0A2B3318854F42BA126BE667131531', '管理员登录成功', 'Chrome', '59.0.3071.86', 'Windows', '10', null, '2017-08-15 15:24:27', '0', '本地', '登录'), ('8CA98695970D4FB485C2E2C0C7573F5D', '组织机构修改失败：已经存在一个机构名称相同的组织机构！', 'Chrome', '54.0.2840.99', 'Windows', '7', null, '2017-03-17 10:16:13', '0', '本地', '编辑'), ('8D0F19E08C124A21978AB18BD88BAD57', '管理员登录成功', 'Chrome', '49.0.2623.112', 'Windows', '10', null, '2016-07-06 14:18:51', '0', '本地', '登录'), ('8DBD9985733D4581A5D28EFED2249AE1', '新组织机构添加失败。', 'Chrome', '51.0.2704.106', 'Linux', '', null, '2016-07-11 18:06:26', '0', '本地', '添加'), ('8E374A6992CE41FFBBBE54407316F1FD', '管理员登录成功', 'Chrome', '51.0.2704.106', 'Linux', '', null, '2016-07-12 14:56:41', '0', '本地', '登录'), ('8E7FCA4C6F6847E19A257FEED54AC72D', '新组织机构添加失败。', 'Chrome', '51.0.2704.106', 'Linux', '', null, '2016-07-11 17:55:43', '0', '本地', '添加'), ('8E8EC9D597D14D0EB1D31612A746F8B2', '管理员登录成功', 'Chrome', '59.0.3071.86', 'Windows', '10', null, '2017-07-24 16:31:34', '0', '本地', '登录'), ('8EF1B6C111654D898921831E6BE5938B', '管理员登录成功', 'Chrome', '54.0.2840.99', 'Windows', '7', null, '2017-03-17 10:47:41', '0', '本地', '登录'), ('8F5CDC89A1574CB6AE6929FAB36F7AEF', '管理员登录成功', 'Chrome', '49.0.2623.112', 'Windows', '10', null, '2016-07-20 14:44:57', '0', '本地', '登录'), ('90B1716CEC83475E9F4D0BA57438A3C5', '数据字典删除成功', 'Chrome', '59.0.3071.86', 'Windows', '10', null, '2017-08-23 13:39:23', 'F453057D25754554A075AC597C600D22', '本地', '删除'), ('91325F3C013143A6866AE3AFFAB51B61', '新数据字典添加成功', 'Chrome', '59.0.3071.86', 'Windows', '10', null, '2017-08-23 12:59:52', '0', '本地', '添加'), ('913E13AF8EC04425BDDEB73541DB8803', '管理员登录成功', 'Chrome', '56.0.2924.87', 'Windows', '10', null, '2017-03-15 10:19:54', '0', '本地', '登录'), ('928E962DA28943DD9981F535F47CF427', '管理员登录成功', 'Chrome', '51.0.2704.106', 'Linux', '', null, '2016-07-11 17:23:48', '0', '本地', '登录'), ('9348874CED414F249F602F7324599F4E', '管理员登录成功', 'Chrome', '54.0.2840.87', 'Windows', '7', null, '2017-04-11 14:26:29', '0', '本地', '登录'), ('93F36F59F59F4BD5A6FD3A28756B9640', '数据字典修改成功!', 'Chrome', '59.0.3071.86', 'Windows', '10', null, '2017-08-23 09:28:27', '0', '本地', '编辑'), ('954BC2363FB94FFF92955A2FB3E661C7', '管理员登录成功', 'Chrome', '56.0.2924.87', 'Windows', '10', null, '2017-03-23 16:35:11', '0', '本地', '登录'), ('96626F74A7B8437EBA0E297CC96EEF21', '数据字典修改成功!', 'Chrome', '54.0.2840.87', 'Windows', '7', null, '2017-04-11 10:04:48', '0', '本地', '编辑'), ('96D16F31071741E780E37DE507E3EB4F', '新组织机构删除成功', 'Chrome', '54.0.2840.99', 'Windows', '7', null, '2017-03-17 10:38:10', '0', '本地', '删除'), ('974A4155B0674920AAC054773921731C', '组织机构修改成功：', 'Chrome', '51.0.2704.106', 'Linux', '', null, '2016-07-13 11:21:08', '0', '本地', '编辑'), ('97E4042D6B754AD19F28D8E5EE9E5EF4', '管理员登录成功', 'Chrome', '59.0.3071.86', 'Windows', '10', null, '2017-07-24 09:38:11', '0', '本地', '登录'), ('9851685D086B4A09A449BCBCE3A88980', '管理员登录成功', 'Chrome', '54.0.2840.87', 'Windows', '7', null, '2017-04-11 15:47:51', '0', '本地', '登录'), ('985ABC16C28543B4B506038C5219E5D3', '新组织机构添加成功。', 'Chrome', '51.0.2704.106', 'Linux', '', null, '2016-07-11 18:10:24', '0', '本地', '添加'), ('9868E9F920CD43FEA4DC60DDEEA5C581', '新组织机构添加失败。', 'Chrome', '51.0.2704.106', 'Linux', '', null, '2016-07-11 17:55:48', '0', '本地', '添加'), ('99999AE85A8B494589FDF059C0CD2F5B', '管理员登录成功', 'Chrome', '59.0.3071.86', 'Windows', '10', null, '2017-07-28 13:33:07', '0', '本地', '登录');
INSERT INTO `ade_admin_logs` VALUES ('9A06B8DA67464643847FA40245ECF455', '数据字典修改失败！：', 'Chrome', '59.0.3071.86', 'Windows', '10', null, '2017-08-24 10:42:10', '0', '本地', '编辑'), ('9ABABAE803CD43D19AA0E2594027019A', '数据字典删除成功', 'Chrome', '59.0.3071.86', 'Windows', '10', null, '2017-08-23 09:56:48', '0', '本地', '删除'), ('9AEABF76A911472AAA31AC76E4DA82F6', '数据字典修改成功!', 'Chrome', '59.0.3071.86', 'Windows', '10', null, '2017-08-24 10:53:51', '0', '本地', '编辑'), ('9B9BD107DEDF4AD6A9552E99A77FB43A', '数据字典修改成功!', 'Chrome', '59.0.3071.86', 'Windows', '10', null, '2017-08-21 15:16:03', '0', '本地', '编辑'), ('9BBFF0B122734477B7020B89ABCAAD36', '管理员登录成功', 'Chrome', '59.0.3071.86', 'Windows', '10', null, '2017-08-23 09:52:58', '0', '本地', '登录'), ('9C4CCCAADBCE4993A21A074E3ACE1624', '管理员登录成功', 'Chrome', '59.0.3071.86', 'Windows', '10', null, '2017-08-23 10:32:32', '0', '本地', '登录'), ('9C51EFA99C6545BB97FE2F7B602970B3', '管理员登录成功', 'Chrome', '59.0.3071.86', 'Windows', '10', null, '2017-07-28 17:43:58', '0', '本地', '登录'), ('9C85555846454EF28190F2A8FAEF2465', '新组织机构删除成功', 'Chrome', '51.0.2704.106', 'Linux', '', null, '2016-07-12 15:50:07', '0', '本地', '删除'), ('9D3EEBA84C724C6DB75F0F3FCF8921F1', '管理员登录成功', 'Chrome', '59.0.3071.86', 'Windows', '10', null, '2017-06-20 17:26:01', '0', '本地', '登录'), ('9D4973172BAF4F5980C8433DC1F7DB29', '管理员登录成功', 'Chrome', '59.0.3071.86', 'Windows', '10', null, '2017-06-20 13:04:49', '0', '本地', '登录'), ('9F53FCBCFB80453FA39CFB0FB127E255', '新组织机构删除成功', 'Chrome', '51.0.2704.106', 'Linux', '', null, '2016-07-12 15:50:28', '0', '本地', '删除'), ('9FCA2ABF5E19482E943A28B78A7E7EEF', '新数据字典添加失败', 'Chrome', '54.0.2840.87', 'Windows', '7', null, '2017-04-11 10:04:22', '0', '本地', '添加'), ('9FE23607B2D04CBDBCAF48BD98A1A4E4', '组织机构修改失败：已经存在一个机构名称相同的组织机构！', 'Chrome', '51.0.2704.106', 'Linux', '', null, '2016-07-13 13:49:49', '0', '本地', '编辑'), ('A06F718836764E7A9C83257B067827FE', '管理员登录成功', 'Chrome', '59.0.3071.86', 'Windows', '10', null, '2017-08-21 15:13:00', '0', '本地', '登录'), ('A1DC0503D44C455898E605699282B1CE', '新组织机构修改成功：', 'Chrome', '51.0.2704.106', 'Linux', '', null, '2016-07-11 15:46:24', '0', '本地', '编辑'), ('A23E1661CD334C509A12131BDCD6D771', '新组织机构添加成功。', 'Chrome', '54.0.2840.99', 'Windows', '7', null, '2017-03-17 10:22:14', '0', '本地', '添加'), ('A295E8CF02BA4C5295DB5B3D85BA77F6', '管理员登录成功', 'Chrome', '59.0.3071.86', 'Windows', '10', null, '2017-06-21 13:30:37', '0', '本地', '登录'), ('A2A8BA2804B544A197D20BAF733A3A01', '管理员登录成功', 'InternetExplorer', '7.0', 'Windows', '7', null, '2017-07-21 11:25:21', '0', '192.168.3.158', '登录'), ('A31805C6558D4CF99490E7EA887E8511', '管理员登录成功', 'Chrome', '59.0.3071.86', 'Windows', '10', null, '2017-07-03 15:30:23', '0', '本地', '登录'), ('A436FB28091C44899D598744F0962BC4', '管理员登录成功', 'Chrome', '59.0.3071.86', 'Windows', '10', null, '2017-07-26 11:23:32', '0', '本地', '登录'), ('A45746154370482F95939674D86D76EE', '管理员登录成功', 'Chrome', '56.0.2924.87', 'Windows', '10', null, '2017-03-23 14:46:51', '0', '本地', '登录'), ('A45D19525F374CD0BB876A9154F8B3CA', '删除成功', 'Chrome', '51.0.2704.106', 'Linux', '', null, '2016-07-13 11:14:00', '0', '本地', '删除'), ('A49F375345CB4E81978179C152BDB659', '管理员登录成功', 'Chrome', '54.0.2840.99', 'Windows', '7', null, '2017-03-20 15:58:34', '0', '本地', '登录'), ('A523BC9B44C94C929ED64413341FE355', '管理员登录成功', 'Chrome', '51.0.2704.106', 'Linux', '', null, '2016-07-08 16:11:40', '0', '本地', '登录'), ('A59DDCB5F0B04990AA8F213D2551CECA', '管理员登录成功', 'Chrome', '54.0.2840.87', 'Windows', '7', null, '2017-04-10 15:26:35', '0', '本地', '登录'), ('A64F15DE722C4CD3BF23FBB045693987', '组织机构修改成功：', 'Chrome', '54.0.2840.99', 'Windows', '7', null, '2017-03-17 10:20:35', '0', '本地', '编辑'), ('A65B562C027A4D5C851E8F150F9E4713', '管理员登录成功', 'Chrome', '51.0.2704.106', 'Linux', '', null, '2016-07-11 16:50:30', '0', '本地', '登录'), ('A675E835BA5A405582933E2150115774', '管理员登录成功', 'Chrome', '51.0.2704.106', 'Linux', '', null, '2016-07-13 10:35:53', '0', '本地', '登录'), ('A90DD71E6BAF487393B41F060C16BA66', '数据字典修改成功!', 'Chrome', '54.0.2840.87', 'Windows', '7', null, '2017-04-11 10:04:35', '0', '本地', '编辑'), ('A9D8AE71E2044BF2A6A7887EC37A8CDB', '管理员登录成功', 'Chrome', '56.0.2924.87', 'Windows', '10', null, '2017-03-23 16:36:17', '0', '本地', '登录'), ('AA204B5F4BD342EF958DD6945083B150', '管理员登录成功', 'Chrome', '59.0.3071.86', 'Windows', '10', null, '2017-06-20 13:50:26', '0', '本地', '登录'), ('AAA480FFCE394DC1A4B50D5897B451D1', '数据字典修改成功!', 'Chrome', '59.0.3071.86', 'Windows', '10', null, '2017-08-23 13:42:32', 'F453057D25754554A075AC597C600D22', '本地', '编辑'), ('ADBFF656689C4AAE8235C6D7F6AA58BF', '管理员登录成功', 'Chrome', '56.0.2924.87', 'Windows', '10', null, '2017-03-15 10:36:55', '0', '本地', '登录'), ('AF12C5EC6E1B41C494A623630FFF3714', '管理员登录成功', 'Chrome', '51.0.2704.106', 'Linux', '', null, '2016-07-11 17:07:18', '0', '本地', '登录'), ('AF738FFCF12B473AA0F87AF40593DD53', '数据字典修改失败！：', 'Chrome', '59.0.3071.86', 'Windows', '10', null, '2017-08-24 10:48:32', '0', '本地', '编辑'), ('AFFD0F17FDB94FDF8DF340DA19A31798', '管理员登录成功', 'Chrome', '51.0.2704.106', 'Linux', '', null, '2016-07-08 16:39:39', '0', '本地', '登录'), ('B01C7C86EE5347D2AA064894EF6FA7EF', '管理员登录成功', 'Chrome', '59.0.3071.86', 'Windows', '10', null, '2017-06-26 15:48:44', '0', '192.168.3.13', '登录'), ('B0DB5D020FBA4912A1EC73DDE82AD288', '管理员登录成功', 'Chrome', '60.0.3112.101', 'Windows', '10', null, '2017-08-23 13:21:22', '0', '192.168.3.198', '登录'), ('B1BAF9DE6DF34BF98B7076FA4A17432E', '管理员登录成功', 'Chrome', '59.0.3071.86', 'Windows', '10', null, '2017-08-24 10:45:12', '0', '本地', '登录'), ('B1E5E37CD2354EE5A611DB3901276EF9', '管理员登录成功', 'Chrome', '59.0.3071.86', 'Windows', '7', null, '2017-06-23 10:22:09', '0', '192.168.3.115', '登录'), ('B27D86778FF941E6BB027445883D1420', '管理员登录成功', 'Chrome', '54.0.2840.99', 'Windows', '7', null, '2017-03-17 15:08:42', '0', '本地', '登录'), ('B391A79CE77D4C60BB5F13DBFBCF98FF', '管理员登录成功', 'Chrome', '51.0.2704.106', 'Linux', '', null, '2016-07-11 17:40:34', '0', '本地', '登录'), ('B3E2DC5000194D27852FB12512339234', '管理员登录成功', 'Chrome', '59.0.3071.86', 'Windows', '10', null, '2017-07-03 16:17:39', '0', '本地', '登录'), ('B3FB3747B4AD4676AB0626FD5B4A217E', '组织机构修改失败：已经存在一个机构名称相同的组织机构！', 'Chrome', '54.0.2840.99', 'Windows', '7', null, '2017-03-17 10:08:10', '0', '本地', '编辑'), ('B4213F60C200427D93BCA4E870ECBF6F', '管理员登录成功', 'Chrome', '56.0.2924.87', 'Windows', '10', null, '2017-03-15 11:53:32', '0', '本地', '登录'), ('B44DED928DE3463AA7F0325359D4D54C', '管理员登录成功', 'Chrome', '49.0.2623.112', 'Windows', '10', null, '2016-07-20 16:28:02', '0', '本地', '登录'), ('B46C0B35BE50407194EC4CCB08DC6C16', '新组织机构添加成功。', 'Chrome', '51.0.2704.106', 'Linux', '', null, '2016-07-12 09:39:21', '0', '本地', '添加'), ('B5298E58384C48149ED30CBE90F7940D', '管理员登录成功', 'Chrome', '59.0.3071.86', 'Windows', '10', null, '2017-08-24 10:42:03', '0', '本地', '登录'), ('B580F4217422449FB27F09B21A480F84', '数据字典删除成功', 'Chrome', '59.0.3071.86', 'Windows', '10', null, '2017-08-21 15:17:16', '0', '本地', '删除'), ('B5B90436294E46F1B96DFD95B5349A6E', '管理员登录成功', 'Firefox', '52.0', 'Windows', '10', null, '2017-03-23 17:06:14', '0', '本地', '登录'), ('B5B94A46351545FC9A0E6A4A6E1BE86F', '组织机构修改成功：', 'Chrome', '59.0.3071.86', 'Windows', '10', null, '2017-07-11 15:39:03', '0', '本地', '编辑'), ('B640694F97C94917B8AA1F0A490BD8DD', '管理员登录成功', 'Chrome', '51.0.2704.106', 'Linux', '', null, '2016-07-11 16:29:45', '0', '本地', '登录'), ('B68CEFDC9B544191BCD79FBFEFD388D9', '管理员登录成功', 'Chrome', '59.0.3071.86', 'Windows', '7', null, '2017-06-23 09:42:04', '0', '192.168.3.115', '登录'), ('B6BF987047034C05AA0156FE6CFA5FA0', '管理员登录成功', 'Chrome', '51.0.2704.106', 'Linux', '', null, '2016-07-13 11:46:12', '0', '本地', '登录'), ('B6E0732A274947B68609DBA8E679DCE5', '管理员登录成功', 'Chrome', '59.0.3071.86', 'Windows', '10', null, '2017-07-28 17:52:30', '0', '本地', '登录'), ('B6F539D0D00B419AA1FA2AD6715D4E30', '管理员登录成功', 'Chrome', '49.0.2623.112', 'Windows', '10', null, '2016-07-20 14:59:57', '0', '本地', '登录'), ('B6F55B05B19D42D68ECB8ECE8C2A5A9A', '管理员登录成功', 'Chrome', '56.0.2924.87', 'Windows', '10', null, '2017-03-15 17:51:50', '0', '本地', '登录'), ('B71E292E052B49BE8A869F2A4963489D', '管理员登录成功', 'Chrome', '59.0.3071.86', 'Windows', '10', null, '2017-08-10 10:34:02', '0', '本地', '登录'), ('B728A938DDC648C18D8EFEF366FC9E70', '管理员登录成功', 'Chrome', '54.0.2840.87', 'Windows', '7', null, '2017-04-11 14:22:15', '0', '本地', '登录'), ('B7543833AFB74317A752197C3422F59A', '组织机构修改成功：', 'Chrome', '54.0.2840.99', 'Windows', '7', null, '2017-03-17 10:22:44', '0', '本地', '编辑'), ('B797B1E53F2044A99560BEBC319511D6', '新数据字典添加成功', 'Chrome', '54.0.2840.87', 'Windows', '7', null, '2017-04-10 11:27:14', '0', '本地', '添加'), ('B86C4AF374544CF696B5C03178A0386A', '管理员登录成功', 'Chrome', '59.0.3071.86', 'Windows', '10', null, '2017-07-31 14:34:06', '0', '本地', '登录'), ('B8BEDA99461148438B447389BE9365FC', '管理员登录成功', 'Chrome', '51.0.2704.106', 'Linux', '', null, '2016-07-12 16:06:40', '0', '本地', '登录'), ('B8E05A9E341948B38008D9D03C893598', '管理员登录成功', 'Chrome', '59.0.3071.86', 'Windows', '10', null, '2017-08-14 10:11:59', '0', '本地', '登录'), ('B936B5BC14584FB7800B4A30FB686306', '管理员登录成功', 'Chrome', '59.0.3071.86', 'Windows', '10', null, '2017-08-03 13:44:42', '0', '本地', '登录'), ('B938285237284B90963DB7C3E519A3D8', '管理员登录成功', 'Chrome', '49.0.2623.112', 'Windows', '10', null, '2016-07-06 14:01:46', '0', '本地', '登录'), ('B9D39A72292F44B58279C655238C0AAA', '管理员登录成功', 'Chrome', '59.0.3071.86', 'Windows', '10', null, '2017-08-14 11:14:24', '0', '本地', '登录'), ('B9E5A034C2AA498CB37203FF6B06D4CC', '新组织机构删除成功', 'Chrome', '51.0.2704.106', 'Linux', '', null, '2016-07-12 15:50:50', '0', '本地', '删除'), ('BA6F2C284D434EDB9710BBBB1CB8BDEA', '管理员登录成功', 'Chrome', '56.0.2924.87', 'Windows', '10', null, '2017-03-23 11:15:10', '0', '本地', '登录'), ('BCAF77F611894F73B3254121EC8C4B64', '管理员登录成功', 'Chrome', '51.0.2704.106', 'Linux', '', null, '2016-07-11 15:58:08', '0', '本地', '登录'), ('BCE76FB76CE2475CA1CEAC4D25C6130E', '管理员登录成功', 'Chrome', '54.0.2840.99', 'Windows', '7', null, '2017-03-20 13:24:06', '0', '本地', '登录'), ('BDA0E6BFD19F483B95B936FEEF9B0F14', '删除成功', 'Chrome', '51.0.2704.106', 'Linux', '', null, '2016-07-12 16:08:37', '0', '本地', '删除'), ('BDFF281EA7E648C1B0DCA44D32E0A2BA', '新组织机构删除成功', 'Chrome', '51.0.2704.106', 'Linux', '', null, '2016-07-12 15:50:11', '0', '本地', '删除'), ('BEA11CB09A8C45E785C98B5059396CC9', '管理员登录成功', 'Chrome', '56.0.2924.87', 'Windows', '10', null, '2017-03-21 16:49:28', '0', '本地', '登录'), ('BF5C542CF84F432489E46185BB8A4373', '管理员登录成功', 'Chrome', '59.0.3071.86', 'Windows', '10', null, '2017-08-16 13:24:54', '0', '本地', '登录'), ('BFA69F9A2C604AE1937992BE7F6657BD', '数据字典修改失败！：', 'Chrome', '59.0.3071.86', 'Windows', '10', null, '2017-08-24 10:42:29', '0', '本地', '编辑'), ('C059B4B4BDF142CE93A86C16BB1D3072', '新组织机构添加失败。', 'Chrome', '51.0.2704.106', 'Linux', '', null, '2016-07-11 18:09:12', '0', '本地', '添加'), ('C075748800304D28A2EC175F3D988704', '管理员登录成功', 'Chrome', '51.0.2704.106', 'Linux', '', null, '2016-07-11 15:45:15', '0', '本地', '登录'), ('C0871F4A1F264542A1632A695241CF19', '数据字典修改成功!', 'Chrome', '59.0.3071.86', 'Windows', '10', null, '2017-08-23 13:42:38', 'F453057D25754554A075AC597C600D22', '本地', '编辑'), ('C0A273603349482DA43FAD5815F7398C', '新数据字典添加成功', 'Chrome', '59.0.3071.86', 'Windows', '10', null, '2017-08-21 15:06:36', '0', '本地', '添加'), ('C12708695ECE4576901776F542C541C7', '管理员登录成功', 'Chrome', '59.0.3071.86', 'Windows', '10', null, '2017-06-20 13:06:31', '0', '本地', '登录'), ('C1AE79AA58B1464B8AB8350130F7A00A', '管理员登录成功', 'Chrome', '59.0.3071.86', 'Windows', '10', null, '2017-07-28 13:35:10', '0', '本地', '登录'), ('C207CD72ACD841A393CDAFF4F222046B', '管理员登录成功', 'Chrome', '49.0.2623.112', 'Windows', '10', null, '2016-07-06 14:29:58', '0', '本地', '登录'), ('C23FA42DE64245568B8AC72B96851D0F', '新组织机构删除失败', 'Chrome', '51.0.2704.106', 'Linux', '', null, '2016-07-12 15:23:43', '0', '本地', '删除'), ('C25E0B45A0444BB4B30B469DF3D2FF79', '新组织机构修改成功：', 'Chrome', '51.0.2704.106', 'Linux', '', null, '2016-07-11 15:46:32', '0', '本地', '编辑'), ('C29ADACBF86C4CCD9D7F02092A3CF500', '新组织机构删除成功', 'Chrome', '51.0.2704.106', 'Linux', '', null, '2016-07-12 15:50:58', '0', '本地', '删除'), ('C2E1DB26E45841349A9FCA0E6B4938EB', '管理员登录成功', 'Chrome', '59.0.3071.86', 'Windows', '10', null, '2017-07-31 09:56:19', '0', '本地', '登录'), ('C30854C99A14455FAA327AD967B51A13', '管理员登录成功', 'Chrome', '59.0.3071.86', 'Windows', '10', null, '2017-07-13 14:57:21', '0', '本地', '登录'), ('C351DBC81D5E40158534C220047D9262', '管理员登录成功', 'Chrome', '54.0.2840.87', 'Windows', '7', null, '2017-04-12 13:48:29', '0', '本地', '登录'), ('C392FC667B2448359341FBCE3B58307F', '新组织机构添加成功：', 'Chrome', '51.0.2704.106', 'Linux', '', null, '2016-07-11 17:12:58', '0', '本地', '添加'), ('C39662B6062E4D3AA52D1C5631E239B3', '数据字典修改成功!', 'Chrome', '59.0.3071.86', 'Windows', '10', null, '2017-08-24 10:49:42', '0', '本地', '编辑'), ('C3A2DEE0125544E8918045B5A0013BC3', '管理员登录成功', 'Chrome', '54.0.2840.99', 'Windows', '7', null, '2017-03-20 09:51:56', '0', '本地', '登录'), ('C3D8D0195B0D4DF48A5447AECEB7BDFE', '管理员登录成功', 'Chrome', '59.0.3071.86', 'Windows', '10', null, '2017-07-28 13:36:18', '0', '本地', '登录'), ('C53BAA7040D04103BBE6B1842A252559', '数据字典修改成功!', 'Chrome', '54.0.2840.87', 'Windows', '7', null, '2017-04-11 15:54:53', '0', '本地', '编辑'), ('C71EE9E0ACEB441C9FDD8DE0A31BEB82', '管理员登录成功', 'Chrome', '59.0.3071.86', 'Windows', '10', null, '2017-06-26 17:11:00', '0', '192.168.3.13', '登录'), ('C738A6DC03A441C389ACCC403DC9B375', '组织机构修改成功：', 'Chrome', '51.0.2704.106', 'Linux', '', null, '2016-07-11 16:50:40', '0', '本地', '编辑'), ('C7D097C3FA0A4ACC8D3690170CFEB614', '管理员登录成功', 'Chrome', '51.0.2704.106', 'Linux', '', null, '2016-07-13 13:52:24', '0', '本地', '登录'), ('C88116FA62DE453691AACF8478BC33A0', '管理员登录成功', 'Chrome', '59.0.3071.86', 'Windows', '10', null, '2017-07-28 14:39:57', '0', '本地', '登录'), ('C8B92CA3359A4F08B3BDD2D79BD5B8ED', '数据字典修改失败！：', 'Chrome', '59.0.3071.86', 'Windows', '10', null, '2017-08-24 10:43:58', '0', '本地', '编辑'), ('C8EE8A3F618B4BAF89A60BD7749B882D', '管理员登录成功', 'Chrome', '54.0.2840.99', 'Windows', '7', null, '2017-03-20 14:13:55', '0', '本地', '登录');
INSERT INTO `ade_admin_logs` VALUES ('C8F8C6D0C91B4BBC8B0747FE657E1B26', '组织机构修改失败：已经存在一个机构名称相同的组织机构！', 'Chrome', '51.0.2704.106', 'Linux', '', null, '2016-07-13 13:49:35', '0', '本地', '编辑'), ('C92AAFD435C14FB287E06446CFE730C7', '管理员登录成功', 'Chrome', '59.0.3071.86', 'Windows', '10', null, '2017-08-21 14:47:55', '0', '本地', '登录'), ('C942922E84DE4B42A504230B3C729CBB', '数据字典修改成功!', 'Chrome', '59.0.3071.86', 'Windows', '10', null, '2017-08-23 09:29:54', '0', '本地', '编辑'), ('C9857D7B36B044C3B835B070B3EEFA70', '新组织机构修改成功：', 'Chrome', '51.0.2704.106', 'Linux', '', null, '2016-07-11 16:29:54', '0', '本地', '编辑'), ('CA442E32E5C84B3FBEEC75A95003779A', '管理员登录成功', 'Chrome', '56.0.2924.87', 'Windows', '10', null, '2017-03-20 13:21:31', '0', '本地', '登录'), ('CA51A873F7B6403F932280C6588D4D5D', '管理员登录成功', 'Chrome', '59.0.3071.86', 'Windows', '10', null, '2017-07-25 09:28:00', '0', '本地', '登录'), ('CB73005BE03149BEA2886E4C30891187', '新组织机构添加成功。', 'Chrome', '51.0.2704.106', 'Linux', '', null, '2016-07-11 18:09:55', '0', '本地', '添加'), ('CBE921FCFAA64467B6854E9A096F04F9', '管理员登录成功', 'Chrome', '59.0.3071.86', 'Windows', '10', null, '2017-07-14 15:39:55', '0', '本地', '登录'), ('CE59E5287FDC49A7ACEA7E6FCD2CC574', '管理员登录成功', 'Chrome', '56.0.2924.87', 'Windows', '10', null, '2017-03-23 14:32:18', '0', '本地', '登录'), ('CEBED76EE13C47719DAEC0D21C674374', '管理员登录成功', 'Chrome', '54.0.2840.87', 'Windows', '7', null, '2017-04-11 11:16:19', '0', '本地', '登录'), ('CF69244D505C4772B99448572BB9FD17', '管理员登录成功', 'Chrome', '54.0.2840.99', 'Windows', '7', null, '2017-03-17 16:36:42', '0', '本地', '登录'), ('CF7983178BA642428C0C19109B34F12E', '组织机构修改失败：已经存在一个机构名称相同的组织机构！', 'Chrome', '54.0.2840.99', 'Windows', '7', null, '2017-03-17 10:07:14', '0', '本地', '编辑'), ('CFD9C8A42B634EBE9A4A21F74C177F70', '管理员登录成功', 'Chrome', '59.0.3071.86', 'Windows', '10', null, '2017-07-21 17:17:26', '0', '本地', '登录'), ('D085679EEBF147E78227AF752002183D', '新组织机构添加成功：', 'Chrome', '51.0.2704.106', 'Linux', '', null, '2016-07-11 17:50:14', '0', '本地', '添加'), ('D0AC08364728484080C9EAFF47B74FAC', '新组织机构删除成功', 'Chrome', '51.0.2704.106', 'Linux', '', null, '2016-07-12 15:49:55', '0', '本地', '删除'), ('D0E0052B28994B9083A795B2B5C2C97D', '数据字典修改成功!', 'Chrome', '59.0.3071.86', 'Windows', '10', null, '2017-08-21 15:06:45', '0', '本地', '编辑'), ('D16CB43BFDEC4960BA9E33518DC112ED', '管理员登录成功', 'Chrome', '56.0.2924.87', 'Windows', '10', null, '2017-03-20 13:22:21', '0', '本地', '登录'), ('D299115AF2F54F838AAF67B766ED4E98', '新组织机构添加成功。', 'Chrome', '51.0.2704.106', 'Linux', '', null, '2016-07-11 18:10:25', '0', '本地', '添加'), ('D2B97E4B3E7F49018A33881B43D298B5', '新数据字典添加成功', 'Chrome', '54.0.2840.87', 'Windows', '7', null, '2017-04-11 10:04:25', '0', '本地', '添加'), ('D406624981F049FE91EAA59CD4BC7EDD', '数据字典修改成功!', 'Chrome', '54.0.2840.87', 'Windows', '7', null, '2017-04-11 15:54:37', '0', '本地', '编辑'), ('D4A1B66458CD4AC8A07E1984FEF6EC20', '管理员登录成功', 'Chrome', '51.0.2704.106', 'Linux', '', null, '2016-07-11 17:48:43', '0', '本地', '登录'), ('D4CE8BEC1AA447CABDADE2B94F0FBEED', '管理员登录成功', 'Chrome', '56.0.2924.87', 'Windows', '10', null, '2017-03-23 10:29:38', '0', '本地', '登录'), ('D539F91B749849AC9D0E155CE86D19E1', '管理员登录成功', 'Chrome', '59.0.3071.86', 'Windows', '10', null, '2017-07-21 09:25:59', '0', '本地', '登录'), ('D55578EFE76B4EE2BB19CCC97763EC6A', '管理员登录成功', 'Chrome', '54.0.2840.87', 'Windows', '7', null, '2017-04-12 15:12:11', '0', '本地', '登录'), ('D5957A844BE644C58367B8C85F424DB1', '数据字典修改成功!', 'Chrome', '54.0.2840.87', 'Windows', '7', null, '2017-04-11 10:04:29', '0', '本地', '编辑'), ('D5B444E5E3454699A3BAD197BB570B32', '管理员登录成功', 'Chrome', '54.0.2840.87', 'Windows', '7', null, '2017-04-10 11:27:27', '0', '本地', '登录'), ('D646A4CD1D7A45F481FDA010699CA09F', '数据字典修改成功!', 'Chrome', '59.0.3071.86', 'Windows', '10', null, '2017-08-23 09:30:05', '0', '本地', '编辑'), ('D6C23F359421430DA722297E53C2A89F', '管理员登录成功', 'Chrome', '59.0.3071.86', 'Windows', '10', null, '2017-06-23 10:15:58', '0', '本地', '登录'), ('D6F1C120DC0D4E068411C1FF20EEF159', '管理员登录成功', 'Chrome', '59.0.3071.86', 'Windows', '10', null, '2017-06-23 15:34:46', '0', '本地', '登录'), ('D6FC1AB90AD14CDF999FEF9D6585B7C4', '管理员登录成功', 'Chrome', '54.0.2840.99', 'Windows', '7', null, '2017-03-16 17:02:53', '0', '本地', '登录'), ('D7BA6F1326AD4476ABC6D88DC22AEA0C', '数据字典修改成功!', 'Chrome', '59.0.3071.86', 'Windows', '10', null, '2017-08-24 10:53:40', '0', '本地', '编辑'), ('D8AB2E182E134988B441A9E42E853DF6', '管理员登录成功', 'Chrome', '54.0.2840.87', 'Windows', '7', null, '2017-04-12 09:59:53', '0', '本地', '登录'), ('D8DCC8B76C7144E8A4853EDB59BE63B6', '新组织机构删除成功', 'Chrome', '51.0.2704.106', 'Linux', '', null, '2016-07-12 15:50:18', '0', '本地', '删除'), ('D8F9D334760E4776B11359EE89D627FA', '管理员登录成功', 'Chrome', '54.0.2840.99', 'Windows', '7', null, '2017-03-16 16:31:14', '0', '本地', '登录'), ('D95C8378308B4DB8B080A4C395FAF8DF', '管理员登录成功', 'Chrome', '49.0.2623.112', 'Windows', '10', null, '2016-07-06 13:56:08', '0', '本地', '登录'), ('D994405CDAC74C258C24EBB7CAA3FDB1', '数据字典删除失败', 'Chrome', '59.0.3071.86', 'Windows', '10', null, '2017-08-23 13:37:31', 'F453057D25754554A075AC597C600D22', '本地', '删除'), ('D9FE5398A4714B51BAF7F7FC9E28D2DD', '管理员登录成功', 'Chrome', '59.0.3071.86', 'Windows', '10', null, '2017-06-20 13:06:31', '0', '本地', '登录'), ('DA11D0F67E4140548E27FA8CC6EB2881', '管理员登录成功', 'InternetExplorer', '7.0', 'Windows', '10', null, '2016-08-01 13:42:49', '0', '192.168.3.77', '登录'), ('DA7C879C590742718F27F48B3B5359F8', '数据字典修改成功!', 'Chrome', '59.0.3071.86', 'Windows', '10', null, '2017-08-23 13:42:26', 'F453057D25754554A075AC597C600D22', '本地', '编辑'), ('DAB391FBAFD447EEA942370B5B7681AD', '管理员登录成功', 'Chrome', '51.0.2704.106', 'Linux', '', null, '2016-07-13 11:13:43', '0', '本地', '登录'), ('DBADF1A6EE2142C585E210EC0C9711F8', '管理员登录成功', 'Chrome', '52.0.2743.116', 'Mac', 'OS X', null, '2017-07-24 09:44:45', '0', '192.168.3.239', '登录'), ('DBD36B8C56FB413082679D6D493143C6', '组织机构修改成功：', 'Chrome', '54.0.2840.99', 'Windows', '7', null, '2017-03-17 10:38:04', '0', '本地', '编辑'), ('DBEB7B4CEC3844D09DAB26D12D6A4233', '新组织机构添加成功。', 'Chrome', '51.0.2704.106', 'Linux', '', null, '2016-07-11 18:11:36', '0', '本地', '添加'), ('DEFECEDC66FC4C8EA86DD645E8A77C20', '管理员登录成功', 'Chrome', '56.0.2924.87', 'Windows', '10', null, '2017-03-20 13:26:08', '0', '本地', '登录'), ('DFA96498416E469384D27D0F4AA95778', '管理员登录成功', 'Chrome', '59.0.3071.86', 'Windows', '10', null, '2017-07-26 09:44:18', '0', '本地', '登录'), ('DFD87AD99AB54FC5B96FC6716B0FB4BE', '组织机构修改成功：', 'Chrome', '54.0.2840.99', 'Windows', '7', null, '2017-03-20 10:27:14', '0', '本地', '编辑'), ('E06D7C8F96CD4C16962FBC2067E65482', '管理员登录成功', 'Chrome', '54.0.2840.99', 'Windows', '7', null, '2017-03-16 18:11:21', '0', '本地', '登录'), ('E1C89EF0759E40CFA6CC87C0C587C8E1', '管理员登录成功', 'Chrome', '51.0.2704.106', 'Linux', '', null, '2016-07-13 12:49:10', '0', '本地', '登录'), ('E2E05313CA12480A90BFD6C38EEE0DBE', '管理员登录成功', 'Chrome', '54.0.2840.87', 'Windows', '7', null, '2017-04-11 14:59:03', '0', '本地', '登录'), ('E3522A876E684EACA47001DFA4D3AB5E', '管理员登录成功', 'Chrome', '51.0.2704.106', 'Linux', '', null, '2016-07-13 10:53:39', '0', '本地', '登录'), ('E3B91CD2A37A4B98A6E05A8E70DD6276', '管理员登录成功', 'Chrome', '51.0.2704.106', 'Linux', '', null, '2016-07-12 13:24:22', '0', '本地', '登录'), ('E3FD00602B3E47F090BA6DFC38FD91D7', '数据字典修改成功!', 'Chrome', '59.0.3071.86', 'Windows', '10', null, '2017-08-24 10:53:46', '0', '本地', '编辑'), ('E4D636E5561F47A1AF16B635783D22C0', '管理员登录成功', 'Chrome', '59.0.3071.86', 'Windows', '10', null, '2017-08-10 16:59:45', '0', '本地', '登录'), ('E5E892151D0C41F9977048110BE01E4F', '数据字典修改成功!', 'Chrome', '59.0.3071.86', 'Windows', '10', null, '2017-08-23 09:28:24', '0', '本地', '编辑'), ('E5E9B6D742F84173A4BD6E0A2B09211C', '管理员登录成功', 'Chrome', '59.0.3071.86', 'Windows', '10', null, '2017-07-24 16:40:19', '0', '本地', '登录'), ('E7B71825FB1F4CE3A953676DDBED7726', '管理员登录成功', 'Chrome', '59.0.3071.86', 'Windows', '10', null, '2017-06-22 14:13:28', '0', '本地', '登录'), ('E8182DD6E7784816A58C67B64126EB71', '新组织机构修改成功：', 'Chrome', '51.0.2704.106', 'Linux', '', null, '2016-07-11 15:46:12', '0', '本地', '编辑'), ('E82AB0E5A9564000820A1CF6B1197EFA', '数据字典修改成功!', 'Chrome', '59.0.3071.86', 'Windows', '10', null, '2017-08-21 15:15:27', '0', '本地', '编辑'), ('E86DBE8A287E4DF0BE0347613A116132', '数据字典修改成功!', 'Chrome', '54.0.2840.87', 'Windows', '7', null, '2017-04-11 10:04:42', '0', '本地', '编辑'), ('E8F67334C2E34CC0B689D74E19DDDB48', '组织机构修改失败：已经存在一个机构名称相同的组织机构！', 'Chrome', '54.0.2840.99', 'Windows', '7', null, '2017-03-17 10:08:41', '0', '本地', '编辑'), ('E9920BC59EE74D55BAD942BDD381DB23', '管理员登录成功', 'Chrome', '59.0.3071.86', 'Windows', '10', null, '2017-06-26 17:41:01', '0', '192.168.3.13', '登录'), ('E9A11B04DCD24EBB9A03D6D042EE9553', '管理员登录成功', 'Chrome', '49.0.2623.112', 'Windows', '10', null, '2016-07-20 14:53:59', '0', '本地', '登录'), ('E9DD10F8AA094177B501D04DE5E47DEE', '管理员登录成功', 'Chrome', '58.0.3029.110', 'Windows', '10', null, '2017-07-24 16:11:31', '0', '192.168.3.165', '登录'), ('EB9A189F629E496ABF338A60FDD74A64', '管理员登录成功', 'Chrome', '54.0.2840.87', 'Windows', '7', null, '2017-04-11 13:55:11', '0', '本地', '登录'), ('EBCABBC5938B4DD6B32612DB6CA52422', '组织机构修改失败：已经存在一个机构名称相同的组织机构！', 'Chrome', '54.0.2840.99', 'Windows', '7', null, '2017-03-17 10:09:35', '0', '本地', '编辑'), ('EC105DA94AA04A9A8A7684CDEC5E3E18', '管理员登录成功', 'Chrome', '49.0.2623.112', 'Windows', '10', null, '2016-07-20 15:22:45', '0', '本地', '登录'), ('ED31C8ACCF4E45F2A412B7F143A60107', '数据字典删除失败', 'Chrome', '59.0.3071.86', 'Windows', '10', null, '2017-08-23 09:55:11', '0', '本地', '删除'), ('ED9DA33DC1984B9399DDEFE961390646', '管理员登录成功', 'Chrome', '56.0.2924.87', 'Windows', '10', null, '2017-03-23 17:00:40', '0', '本地', '登录'), ('EDDE03DC80B446988D53B9B76A19FE16', '管理员登录成功', 'Chrome', '59.0.3071.86', 'Windows', '10', null, '2017-07-03 15:59:05', '0', '本地', '登录'), ('EEC16980381547ED9F3A17E245A36B89', '管理员登录成功', 'Chrome', '56.0.2924.87', 'Windows', '10', null, '2017-03-16 14:04:17', '0', '本地', '登录'), ('EECD2F7AD7BD4D029B8B9027990F03AE', '管理员登录成功', 'Chrome', '54.0.2840.99', 'Windows', '7', null, '2017-03-21 15:08:13', '0', '本地', '登录'), ('EF184D6E68074726BDBC468D37DB1BCD', '管理员登录成功', 'Chrome', '49.0.2623.112', 'Windows', '10', null, '2016-07-20 15:41:48', '0', '本地', '登录'), ('EF54361F7B2A483AA72984F797AB97ED', '新组织机构修改成功：', 'Chrome', '51.0.2704.106', 'Linux', '', null, '2016-07-11 16:01:03', '0', '本地', '编辑'), ('EF682440D1E64393AB71FF163DCA9AD5', '管理员登录成功', 'Chrome', '56.0.2924.87', 'Windows', '10', null, '2017-03-23 11:20:05', '0', '本地', '登录'), ('F01DC71784244ECA907E151E6FF42DB3', '数据字典删除失败', 'Chrome', '59.0.3071.86', 'Windows', '10', null, '2017-08-23 09:55:35', '0', '本地', '删除'), ('F2AAD23736984015BD301A94062F3C4A', '新组织机构删除成功', 'Chrome', '51.0.2704.106', 'Linux', '', null, '2016-07-12 15:51:03', '0', '本地', '删除'), ('F3070028F977497E80DA0F482525A78D', '新组织机构添加失败。', 'Chrome', '51.0.2704.106', 'Linux', '', null, '2016-07-11 17:55:27', '0', '本地', '添加'), ('F39B935A97DD4C2795BAE07B266B2D71', '管理员登录成功', 'Chrome', '54.0.2840.99', 'Windows', '7', null, '2017-03-16 15:10:10', '0', '本地', '登录'), ('F44A28AD11C84ED5A9A37B7D6E23D3A1', '管理员登录成功', 'Chrome', '54.0.2840.87', 'Windows', '7', null, '2017-04-19 11:15:40', '0', '本地', '登录'), ('F487F6A8B6CC4E359EFDAF893AFE9199', '管理员登录成功', 'Chrome', '56.0.2924.87', 'Windows', '10', null, '2017-03-23 10:58:22', '0', '本地', '登录'), ('F49A27E42FB14F7F8080C1CC3A368FA1', '管理员登录成功', 'Chrome', '59.0.3071.86', 'Windows', '10', null, '2017-06-21 09:16:49', '0', '本地', '登录'), ('F5771D589DE44BD88099CBB6B57D42F1', '管理员登录成功', 'Chrome', '56.0.2924.87', 'Windows', '10', null, '2017-03-16 13:44:20', '0', '本地', '登录'), ('F58158C8B8CC485D832B14B7F4E08214', '删除成功', 'Chrome', '51.0.2704.106', 'Linux', '', null, '2016-07-13 11:46:39', '0', '本地', '删除'), ('F5BDB6B888EF49588B37DA99D573CA7F', '组织机构修改失败', 'Chrome', '54.0.2840.99', 'Windows', '7', null, '2017-03-17 10:01:44', '0', '本地', '编辑'), ('F5DB6036620D461097C50A9D33A3494C', '管理员登录成功', 'Chrome', '56.0.2924.87', 'Windows', '10', null, '2017-03-15 11:38:59', '0', '本地', '登录'), ('F72D5CAAC49B4B56B18131E3376774FE', '数据字典修改成功!', 'Chrome', '59.0.3071.86', 'Windows', '10', null, '2017-08-21 15:15:37', '0', '本地', '编辑'), ('F82B90D189AC40F7A3C049A176BD4B40', '管理员登录成功', 'Chrome', '59.0.3071.86', 'Windows', '7', null, '2017-06-08 10:39:22', '0', '本地', '登录'), ('F83F9B511BCF4931B42DD32B10E38D2A', '管理员登录成功', 'Chrome', '56.0.2924.87', 'Windows', '10', null, '2017-03-23 11:22:48', '0', '本地', '登录'), ('F8C623DB0A10457ABF854D5038447E9C', '新组织机构添加失败。', 'Chrome', '51.0.2704.106', 'Linux', '', null, '2016-07-11 18:07:28', '0', '本地', '添加'), ('F99BEEFBD7244F6D9B4FC0E26545E396', '管理员登录成功', 'Chrome', '51.0.2704.106', 'Linux', '', null, '2016-07-08 16:27:46', '0', '本地', '登录'), ('FA1476EF4FEB4B13AE7AF2C28CD61568', '组织机构修改成功：', 'Chrome', '51.0.2704.106', 'Linux', '', null, '2016-07-13 13:48:32', '0', '本地', '编辑'), ('FA365643089E4072945F0439182863B2', '管理员登录成功', 'Chrome', '54.0.2840.87', 'Windows', '7', null, '2017-04-11 09:37:15', '0', '本地', '登录'), ('FA638AB0CFE4464AA4A3612CE9C318DD', '管理员登录成功', 'Chrome', '51.0.2704.106', 'Linux', '', null, '2016-07-12 09:39:06', '0', '本地', '登录'), ('FB277345CB0B4A619F424BE6FF764835', '管理员登录成功', 'Chrome', '59.0.3071.86', 'Windows', '10', null, '2017-06-26 13:19:58', '0', '192.168.3.13', '登录'), ('FC75A9A9083B4134A0F0E1E6961DCDBF', '新数据字典添加成功', 'Chrome', '59.0.3071.86', 'Windows', '10', null, '2017-08-24 10:29:04', '0', '本地', '添加'), ('FCC29C2D73274D3C9CD026E2A29E347B', '组织机构修改成功：', 'Chrome', '51.0.2704.106', 'Linux', '', null, '2016-07-13 11:19:41', '0', '本地', '编辑'), ('FCD2401DAE99411EB907A98A394A2B44', '管理员登录成功', 'Chrome', '54.0.2840.99', 'Windows', '7', null, '2017-03-16 14:32:49', '0', '本地', '登录'), ('FCE4A6B5FEAA46A48792A4506308427D', '数据字典修改成功!', 'Chrome', '59.0.3071.86', 'Windows', '10', null, '2017-08-21 15:11:16', '0', '本地', '编辑'), ('FCFFA1264BAB4ACCA042B3FEF3F8146F', '管理员登录成功', 'Chrome', '56.0.2924.87', 'Windows', '10', null, '2017-03-23 16:54:28', '0', '本地', '登录'), ('FD403F065E2D40349FA8A1FD7536D448', '管理员登录成功', 'Chrome', '56.0.2924.87', 'Windows', '10', null, '2017-03-15 16:15:03', '0', '本地', '登录');
INSERT INTO `ade_admin_logs` VALUES ('FD4E2DE7F40145B08B1451242AA6DF7F', '组织机构修改成功：', 'Chrome', '54.0.2840.99', 'Windows', '7', null, '2017-03-17 10:22:34', '0', '本地', '编辑'), ('FE4A45133D8E4492A25B2970AB9695C3', '管理员登录成功', 'Chrome', '57.0.2987.133', 'Windows', '10', null, '2017-07-24 09:49:43', '0', '192.168.3.193', '登录'), ('FEFA23CAE38E4F1481AA5A31ED0508EF', '管理员登录成功', 'Chrome', '59.0.3071.86', 'Windows', '10', null, '2017-06-22 17:03:07', '0', '本地', '登录'), ('FF03D0DF2F5C44E291D82F2590036EEC', '管理员登录成功', 'Chrome', '54.0.2840.99', 'Windows', '7', null, '2017-03-20 13:24:06', '0', '本地', '登录'), ('FF4381296D224646AF2620E93F177AC6', '管理员登录成功', 'Chrome', '59.0.3071.86', 'Windows', '10', null, '2017-07-11 15:47:23', '0', '127.0.0.1', '登录'), ('FF6B20D51576489982965ADD8A14B63D', '组织机构修改成功：', 'Chrome', '54.0.2840.99', 'Windows', '7', null, '2017-03-17 10:07:26', '0', '本地', '编辑'), ('FFC66C0DA6A944D98947AE95048C81BD', '管理员登录成功', 'Chrome', '51.0.2704.106', 'Linux', '', null, '2016-07-12 12:08:05', '0', '本地', '登录');
COMMIT;

-- ----------------------------
-- Table structure for ade_dictionary
-- ----------------------------
DROP TABLE IF EXISTS `ade_dictionary`;
CREATE TABLE `ade_dictionary` (
`id`  varchar(32) CHARACTER SET utf8 COLLATE utf8_general_ci NOT NULL COMMENT 'id编码' ,
`dict_name`  varchar(100) CHARACTER SET utf8 COLLATE utf8_general_ci NOT NULL COMMENT '字典名称' ,
`dict_code`  varchar(32) CHARACTER SET utf8 COLLATE utf8_general_ci NOT NULL COMMENT '字典code值' ,
`dict_type`  varchar(1) CHARACTER SET utf8 COLLATE utf8_general_ci NULL DEFAULT NULL COMMENT '数据字典类型，1：用户字典，8：系统字典' ,
`dict_sort`  int(11) NULL DEFAULT NULL COMMENT '字典排序' ,
`dict_desc`  varchar(300) CHARACTER SET utf8 COLLATE utf8_general_ci NULL DEFAULT NULL COMMENT '字典描述信息' ,
`dict_status`  varchar(2) CHARACTER SET utf8 COLLATE utf8_general_ci NULL DEFAULT NULL COMMENT '是否使用，1：使用，9：不使用' ,
`dict_pid`  varchar(32) CHARACTER SET utf8 COLLATE utf8_general_ci NULL DEFAULT NULL COMMENT '父节点ID编码' ,
`dict_value`  varchar(200) CHARACTER SET utf8 COLLATE utf8_general_ci NULL DEFAULT NULL COMMENT '数据字典的值，可以用来组成配置项' ,
PRIMARY KEY (`id`),
INDEX `FK_aspw4dddw92f8box1s3olp8ku` (`dict_pid`) USING BTREE 
)
ENGINE=InnoDB
DEFAULT CHARACTER SET=utf8 COLLATE=utf8_general_ci

;

-- ----------------------------
-- Records of ade_dictionary
-- ----------------------------
BEGIN;
INSERT INTO `ade_dictionary` VALUES ('02029C6E13BF4455BC701651F4079D18', '后台', '1', '8', '1', '', '1', '97BA0AAF59DD4999A3ED7076D412D04A', null), ('046A283C6C2F4A829822612BB883B8F4', '系统参数设置', 'ade_system_settings', '8', '1', '系统的一些设置参数，不要删除', '1', null, ''), ('1814845794154F089C33F2AAD8CE8467', '系统标题', 'system_page_title', '8', '2', '', '1', '74F06C9B17584489A8762BD13EB17557', 'ADE-北京英富森软件股份有限公司'), ('6E83F1E756F44CDAA97933430B905984', '前台', '2', '8', '2', '', '1', '97BA0AAF59DD4999A3ED7076D412D04A', null), ('74F06C9B17584489A8762BD13EB17557', '初始化相关', 'ade_system_settings_init', '8', '1', '', '1', '046A283C6C2F4A829822612BB883B8F4', ''), ('7C0BB5B94CF0431998FCFF5AFF5EBDFA', '系统管理字典', 'ade_system_dict', '8', '1', '', '1', null, ''), ('9417978F2125412E827F0C012AD28502', '系统首页地址', 'index_page_url', '8', '1', '', '1', '74F06C9B17584489A8762BD13EB17557', '/admin/systemInfo/systemInfo'), ('97BA0AAF59DD4999A3ED7076D412D04A', '模块类型', 'ade_module_ground', '8', '1', '', '1', '7C0BB5B94CF0431998FCFF5AFF5EBDFA', null);
COMMIT;

-- ----------------------------
-- Table structure for ade_module
-- ----------------------------
DROP TABLE IF EXISTS `ade_module`;
CREATE TABLE `ade_module` (
`ID`  varchar(32) CHARACTER SET utf8 COLLATE utf8_general_ci NOT NULL COMMENT 'ID编码' ,
`MODULE_DESC`  varchar(255) CHARACTER SET utf8 COLLATE utf8_general_ci NULL DEFAULT NULL COMMENT '模块描述' ,
`MODULE_ICON`  varchar(100) CHARACTER SET utf8 COLLATE utf8_general_ci NULL DEFAULT NULL COMMENT '模块图标' ,
`MODULE_NAME`  varchar(100) CHARACTER SET utf8 COLLATE utf8_general_ci NOT NULL COMMENT '模块名称' ,
`MODULE_SORT`  int(11) NULL DEFAULT NULL COMMENT '模块排序' ,
`MODULE_URL`  varchar(200) CHARACTER SET utf8 COLLATE utf8_general_ci NULL DEFAULT NULL COMMENT '模块访问路径' ,
`MODULE_PID`  varchar(32) CHARACTER SET utf8 COLLATE utf8_general_ci NULL DEFAULT NULL COMMENT '该模块父节点ID编码' ,
`MODULE_TYPE`  varchar(32) CHARACTER SET utf8 COLLATE utf8_general_ci NOT NULL COMMENT '权限类型：0、菜单；1、权限' ,
`MODULE_GROUND`  varchar(32) CHARACTER SET utf8 COLLATE utf8_general_ci NOT NULL COMMENT '模块维度(前台还是后台)；数据来源为数据字典：ade_module_ground' ,
PRIMARY KEY (`ID`),
FOREIGN KEY (`MODULE_PID`) REFERENCES `ade_module` (`ID`) ON DELETE RESTRICT ON UPDATE RESTRICT,
INDEX `FK_potycga2poaka2davotg8a11m` (`MODULE_PID`) USING BTREE ,
INDEX `FK_7vcirr62lwiv4av32h0iy1rxu` (`MODULE_TYPE`) USING BTREE 
)
ENGINE=InnoDB
DEFAULT CHARACTER SET=utf8 COLLATE=utf8_general_ci

;

-- ----------------------------
-- Records of ade_module
-- ----------------------------
BEGIN;
INSERT INTO `ade_module` VALUES ('3275BAF3BAFA40F1ADF6B9E7AAA76006', '组织机构//TODO实现具体功能', 'organize', '组织机构', '30', '/admin/organizationManager/treeGrid', 'xtgl', '0', '1'), ('5E2A89F19F3C44049ECB5F2808DC1596', '日志', 'logs', '日志', '20', '', null, '0', '1'), ('64D2AFE5C6C4402C8C88CB1197FCC096', '', 'more', '图标库', '1', '/admin/iconfontManager/list', 'B42C59D4C3454060A593DBCACF8E7A1C', '0', '1'), ('944B974CDE3B42C88DCD4D8141B1646C', '系统日志', 'log', '管理员日志', '100', '/admin/adminLogsManager/manage', '5E2A89F19F3C44049ECB5F2808DC1596', '0', '1'), ('99521D79350E4D08A081D24A17757640', '', null, '添加权限', '111', '/admin/moduleManager/addPermission', 'zygl', '1', '1'), ('9AAB70B0B9FB45F881E854FCFD024A7A', '', null, '修改用户字典项', '101', '/admin/dictionaryManager/editUserDict', 'BAAE012B6AD84C87BD712B558BD96C83', '1', '1'), ('AB7FCFE174EC415E9BB605D88A5CFF8F', '', null, '删除用户字典项', '103', '/admin/dictionaryManager/deleteUserDict', 'BAAE012B6AD84C87BD712B558BD96C83', '1', '1'), ('B42C59D4C3454060A593DBCACF8E7A1C', '', 'symbol', '开发帮助', '30', '', null, '0', '1'), ('BAAE012B6AD84C87BD712B558BD96C83', '', 'dictionary', '字典管理', '60', '/admin/dictionaryManager/manager', 'xtgl', '0', '1'), ('C04E3E06276A48D2BA1B92564ADE5F92', '', null, '修改系统字典项', '102', '/admin/dictionaryManager/editSystemDict', 'BAAE012B6AD84C87BD712B558BD96C83', '1', '1'), ('CC5CB1F1A72441AF90F4C9BEC65ACEDF', '', null, '添加字典项', '100', '/admin/dictionaryManager/addPage', 'BAAE012B6AD84C87BD712B558BD96C83', '1', '1'), ('D6C9B158DF3C4F2B806F10604DEA8E3B', '负责业务上相关日志', 'log', '用户日志', '100', '/admin/userLogsManager/manage', '5E2A89F19F3C44049ECB5F2808DC1596', '0', '1'), ('F779F7E7A2F84371A623446DA344B152', '', null, '删除系统字典项', '104', '/admin/dictionaryManager/deleteSystemDict', 'BAAE012B6AD84C87BD712B558BD96C83', '1', '1'), ('jsgl', '', 'role', '角色管理', '40', '/admin/roleManager/manager', 'xtgl', '0', '1'), ('jsglAdd', null, 'wrench', '添加角色', '1', '/admin/roleManager/add', 'jsgl', '1', '1'), ('jsglAddPage', null, 'wrench', '添加角色页面', '101', '/admin/roleManager/addPage', 'jsgl', '1', '1'), ('jsglDelete', null, 'wrench', '删除角色', '4', '/admin/roleManager/delete', 'jsgl', '1', '1'), ('jsglEdit', null, 'wrench', '编辑角色', '2', '/admin/roleManager/edit', 'jsgl', '1', '1'), ('jsglEditPage', null, 'wrench', '编辑角色页面', '102', '/admin/roleManager/editPage', 'jsgl', '1', '1'), ('jsglGrant', null, 'wrench', '角色授权', '3', '/admin/roleManager/grant', 'jsgl', '1', '1'), ('jsglGrantPage', null, 'wrench', '角色授权页面', '103', '/admin/roleManager/grantPage', 'jsgl', '1', '1'), ('xtgl', '系统管理', 'system', '系统管理', '1', '', null, '0', '1'), ('yhgl', '', 'users', '用户管理', '20', '/admin/userManager/manager', 'xtgl', '0', '1'), ('yhglAdd', null, 'wrench', '添加用户', '1', '/admin/userManager/add', 'yhgl', '1', '1'), ('yhglAddPage', null, 'wrench', '添加用户页面', '101', '/admin/userManager/addPage', 'yhgl', '1', '1'), ('yhglBatchDelete', null, 'wrench', '批量删除用户', '6', '/admin/userManager/batchDelete', 'yhgl', '1', '1'), ('yhglDelete', '', null, '删除用户', '3', '/admin/userManager/delete', 'yhgl', '1', '1'), ('yhglEdit', null, 'wrench', '编辑用户', '2', '/admin/userManager/edit', 'yhgl', '1', '1'), ('yhglEditPage', 'd', '', '编辑用户页面', '102', '/admin/userManager/editPage', 'yhgl', '1', '1'), ('yhglEditPwd', null, 'wrench', '用户修改密码', '5', '/admin/userManager/editPwd', 'yhgl', '1', '1'), ('yhglEditPwdPage', null, 'wrench', '用户修改密码页面', '104', '/admin/userManager/editPwdPage', 'yhgl', '1', '1'), ('yhglGrant', null, 'wrench', '用户授权', '4', '/admin/userManager/grant', 'yhgl', '1', '1'), ('yhglGrantPage', null, 'wrench', '用户授权页面', '103', '/admin/userManager/grantPage', 'yhgl', '1', '1'), ('zygl', '管理系统中所有的菜单或功能', 'module', '模块管理', '10', '/admin/moduleManager/manager', 'xtgl', '0', '1'), ('zyglAdd', '18', '', '添加模块', '1', '/admin/moduleManager/add', 'zygl', '1', '1'), ('zyglAddPage', '1', null, '添加模块页面', '101', '/admin/moduleManager/addPage', 'zygl', '1', '1'), ('zyglDelete', '', '', '删除模块', '3', '/admin/moduleManager/delete', 'zygl', '1', '1'), ('zyglEdit', '', '', '编辑模块', '2', '/admin/moduleManager/edit', 'zygl', '1', '1'), ('zyglEditPage', '2', null, '编辑模块页面', '102', '/admin/moduleManager/editPage', 'zygl', '1', '1');
COMMIT;

-- ----------------------------
-- Table structure for ade_organization
-- ----------------------------
DROP TABLE IF EXISTS `ade_organization`;
CREATE TABLE `ade_organization` (
`ID`  varchar(32) CHARACTER SET utf8 COLLATE utf8_general_ci NOT NULL COMMENT 'id编码' ,
`ORG_NAME`  varchar(16) CHARACTER SET utf8 COLLATE utf8_general_ci NULL DEFAULT NULL COMMENT '组织机构名称' ,
`ORG_ADDRESS`  varchar(64) CHARACTER SET utf8 COLLATE utf8_general_ci NULL DEFAULT NULL COMMENT '组织机构地址' ,
`ORG_LEADER`  varchar(64) CHARACTER SET utf8 COLLATE utf8_general_ci NULL DEFAULT NULL COMMENT '组织机构负责人' ,
`ORG_PHONE`  varchar(32) CHARACTER SET utf8 COLLATE utf8_general_ci NULL DEFAULT NULL COMMENT '联系电话' ,
`ORG_DESC`  varchar(255) CHARACTER SET utf8 COLLATE utf8_general_ci NULL DEFAULT NULL COMMENT '详细描述' ,
`ORG_PID`  varchar(32) CHARACTER SET utf8 COLLATE utf8_general_ci NULL DEFAULT NULL COMMENT '上级机构ID编码' ,
`ORG_STATUS`  varchar(2) CHARACTER SET utf8 COLLATE utf8_general_ci NULL DEFAULT '1' COMMENT '是否使用 1：使用  0 废弃' ,
`ORG_SORT`  int(11) NULL DEFAULT NULL ,
PRIMARY KEY (`ID`),
FOREIGN KEY (`ORG_PID`) REFERENCES `ade_organization` (`ID`) ON DELETE RESTRICT ON UPDATE RESTRICT,
INDEX `parentId` (`ORG_PID`) USING BTREE 
)
ENGINE=InnoDB
DEFAULT CHARACTER SET=utf8 COLLATE=utf8_general_ci

;

-- ----------------------------
-- Records of ade_organization
-- ----------------------------
BEGIN;
INSERT INTO `ade_organization` VALUES ('05A4267C0FAF4066BC7FE76BD22291DD', '888', '', '', '', '   ', '096D02A6C44A40E89D1B2856F7BCA183', '1', null), ('096D02A6C44A40E89D1B2856F7BCA183', '测试部', '东北侧1', 'gezhen', '1301110009', '    革大师的测试部门', null, '1', null), ('1', '北京英富森软件股份有限公司', '北京市中关村东路64号', '尹科', '010-62670085转123', '    负责所有部门管理', null, '1', null), ('2', '项目开发部', '北侧', '蒋总', '7326495', '      公司内部所有项目开发', '1', '1', null), ('2A0CB12913E24850BE31FFFC1175C191', '开发部', null, null, null, null, 'F73DA22A43C84B0E94D18C074F062514', '1', null), ('642B9DEFB76B49C4BB988FBEEBCF5901', '项目开发部', null, null, null, null, '2A0CB12913E24850BE31FFFC1175C191', '1', null), ('6F088E8E841B4B4D83BB97160EA3B0FF', '实施部', '北京英富森', null, null, '', '9', '1', null), ('7', '人事部', '北京', null, null, '  人力资源', '2', '1', null), ('9', '工程部', '北京', 'nieqw', '7328941', '产品设计与研发', '1', '1', null), ('A82E8461242249A79B24C9A9B25B0FB8', '999', '', '', '', '  ', '05A4267C0FAF4066BC7FE76BD22291DD', '1', null), ('BBC188BCB7454145A37749C88124C62B', '数据产品组', null, null, null, null, 'C5BD6D718FEA4322B78D1C12F68E15A6', '1', null), ('C5BD6D718FEA4322B78D1C12F68E15A6', '产品中心', null, null, null, null, 'F73DA22A43C84B0E94D18C074F062514', '1', null), ('F73DA22A43C84B0E94D18C074F062514', '英富森', null, null, null, null, null, '1', null);
COMMIT;

-- ----------------------------
-- Table structure for ade_role
-- ----------------------------
DROP TABLE IF EXISTS `ade_role`;
CREATE TABLE `ade_role` (
`ID`  varchar(32) CHARACTER SET utf8 COLLATE utf8_general_ci NOT NULL COMMENT '角色ID编码' ,
`ROLE_DESC`  varchar(255) CHARACTER SET utf8 COLLATE utf8_general_ci NULL DEFAULT NULL COMMENT '角色描述' ,
`ROLE_NAME`  varchar(100) CHARACTER SET utf8 COLLATE utf8_general_ci NOT NULL COMMENT '角色名称' ,
`ROLE_SORT`  int(11) NULL DEFAULT NULL COMMENT '角色排序' ,
`ROLE_IS_BUILDIN`  int(1) NULL DEFAULT NULL COMMENT '是否为内置角色，1位内置角色，其它为非内置角色' ,
PRIMARY KEY (`ID`)
)
ENGINE=InnoDB
DEFAULT CHARACTER SET=utf8 COLLATE=utf8_general_ci

;

-- ----------------------------
-- Records of ade_role
-- ----------------------------
BEGIN;
INSERT INTO `ade_role` VALUES ('0', '系统开发员角色，拥有系统中所有的模块访问权限', '系统开发员', '0', '1'), ('2DC54FCBD7BF46DBA92B8B2DE0392B27', '能够操作系统中的所有的功能', '系统管理员', '100', '1'), ('324F3647F07B4A9EB05033B0597CE634', '', '测试角色', '100', '0'), ('51BFCE9118C24450BCAD649011104E2B', '测试非内置角色', '测试非内置角色', '100', '0'), ('A00A1EF86BE14F7BA875DF4EE7533F8E', '', '用户的管理员', '5', '0');
COMMIT;

-- ----------------------------
-- Table structure for ade_role_module
-- ----------------------------
DROP TABLE IF EXISTS `ade_role_module`;
CREATE TABLE `ade_role_module` (
`ROLE_ID`  varchar(32) CHARACTER SET utf8 COLLATE utf8_general_ci NOT NULL COMMENT '角色ID编码' ,
`MODULE_ID`  varchar(32) CHARACTER SET utf8 COLLATE utf8_general_ci NOT NULL COMMENT '模块ID编码' ,
PRIMARY KEY (`MODULE_ID`, `ROLE_ID`),
FOREIGN KEY (`MODULE_ID`) REFERENCES `ade_module` (`ID`) ON DELETE RESTRICT ON UPDATE RESTRICT,
FOREIGN KEY (`ROLE_ID`) REFERENCES `ade_role` (`ID`) ON DELETE RESTRICT ON UPDATE RESTRICT,
INDEX `FK_s8ixvsib2601l6a4m1xpapkcb` (`MODULE_ID`) USING BTREE ,
INDEX `FK_sb6kki3iapqtjrw0krucaya3d` (`ROLE_ID`) USING BTREE 
)
ENGINE=InnoDB
DEFAULT CHARACTER SET=utf8 COLLATE=utf8_general_ci

;

-- ----------------------------
-- Records of ade_role_module
-- ----------------------------
BEGIN;
INSERT INTO `ade_role_module` VALUES ('0', '3275BAF3BAFA40F1ADF6B9E7AAA76006'), ('51BFCE9118C24450BCAD649011104E2B', '3275BAF3BAFA40F1ADF6B9E7AAA76006'), ('0', '5E2A89F19F3C44049ECB5F2808DC1596'), ('0', '64D2AFE5C6C4402C8C88CB1197FCC096'), ('324F3647F07B4A9EB05033B0597CE634', '64D2AFE5C6C4402C8C88CB1197FCC096'), ('51BFCE9118C24450BCAD649011104E2B', '64D2AFE5C6C4402C8C88CB1197FCC096'), ('0', '944B974CDE3B42C88DCD4D8141B1646C'), ('0', '99521D79350E4D08A081D24A17757640'), ('324F3647F07B4A9EB05033B0597CE634', '99521D79350E4D08A081D24A17757640'), ('51BFCE9118C24450BCAD649011104E2B', '99521D79350E4D08A081D24A17757640'), ('0', '9AAB70B0B9FB45F881E854FCFD024A7A'), ('51BFCE9118C24450BCAD649011104E2B', '9AAB70B0B9FB45F881E854FCFD024A7A'), ('0', 'AB7FCFE174EC415E9BB605D88A5CFF8F'), ('324F3647F07B4A9EB05033B0597CE634', 'AB7FCFE174EC415E9BB605D88A5CFF8F'), ('51BFCE9118C24450BCAD649011104E2B', 'AB7FCFE174EC415E9BB605D88A5CFF8F'), ('A00A1EF86BE14F7BA875DF4EE7533F8E', 'AB7FCFE174EC415E9BB605D88A5CFF8F'), ('0', 'B42C59D4C3454060A593DBCACF8E7A1C'), ('324F3647F07B4A9EB05033B0597CE634', 'B42C59D4C3454060A593DBCACF8E7A1C'), ('51BFCE9118C24450BCAD649011104E2B', 'B42C59D4C3454060A593DBCACF8E7A1C'), ('0', 'BAAE012B6AD84C87BD712B558BD96C83'), ('324F3647F07B4A9EB05033B0597CE634', 'BAAE012B6AD84C87BD712B558BD96C83'), ('A00A1EF86BE14F7BA875DF4EE7533F8E', 'BAAE012B6AD84C87BD712B558BD96C83'), ('0', 'C04E3E06276A48D2BA1B92564ADE5F92'), ('324F3647F07B4A9EB05033B0597CE634', 'C04E3E06276A48D2BA1B92564ADE5F92'), ('51BFCE9118C24450BCAD649011104E2B', 'C04E3E06276A48D2BA1B92564ADE5F92'), ('A00A1EF86BE14F7BA875DF4EE7533F8E', 'C04E3E06276A48D2BA1B92564ADE5F92'), ('0', 'CC5CB1F1A72441AF90F4C9BEC65ACEDF'), ('51BFCE9118C24450BCAD649011104E2B', 'CC5CB1F1A72441AF90F4C9BEC65ACEDF'), ('A00A1EF86BE14F7BA875DF4EE7533F8E', 'CC5CB1F1A72441AF90F4C9BEC65ACEDF'), ('0', 'D6C9B158DF3C4F2B806F10604DEA8E3B'), ('0', 'F779F7E7A2F84371A623446DA344B152'), ('324F3647F07B4A9EB05033B0597CE634', 'F779F7E7A2F84371A623446DA344B152'), ('51BFCE9118C24450BCAD649011104E2B', 'F779F7E7A2F84371A623446DA344B152'), ('0', 'jsgl'), ('0', 'jsglAdd'), ('0', 'jsglAddPage'), ('0', 'jsglDelete'), ('0', 'jsglEdit'), ('0', 'jsglEditPage'), ('0', 'jsglGrant'), ('0', 'jsglGrantPage'), ('0', 'xtgl'), ('2DC54FCBD7BF46DBA92B8B2DE0392B27', 'xtgl'), ('324F3647F07B4A9EB05033B0597CE634', 'xtgl'), ('A00A1EF86BE14F7BA875DF4EE7533F8E', 'xtgl'), ('0', 'yhgl'), ('2DC54FCBD7BF46DBA92B8B2DE0392B27', 'yhgl'), ('324F3647F07B4A9EB05033B0597CE634', 'yhgl'), ('0', 'yhglAdd'), ('324F3647F07B4A9EB05033B0597CE634', 'yhglAdd'), ('0', 'yhglAddPage'), ('324F3647F07B4A9EB05033B0597CE634', 'yhglAddPage'), ('0', 'yhglBatchDelete'), ('0', 'yhglDelete'), ('0', 'yhglEdit'), ('0', 'yhglEditPage'), ('0', 'yhglEditPwd'), ('0', 'yhglEditPwdPage'), ('0', 'yhglGrant'), ('0', 'yhglGrantPage'), ('0', 'zygl'), ('324F3647F07B4A9EB05033B0597CE634', 'zygl'), ('51BFCE9118C24450BCAD649011104E2B', 'zygl'), ('0', 'zyglAdd'), ('324F3647F07B4A9EB05033B0597CE634', 'zyglAdd'), ('0', 'zyglAddPage'), ('324F3647F07B4A9EB05033B0597CE634', 'zyglAddPage'), ('0', 'zyglDelete'), ('324F3647F07B4A9EB05033B0597CE634', 'zyglDelete'), ('0', 'zyglEdit'), ('324F3647F07B4A9EB05033B0597CE634', 'zyglEdit'), ('0', 'zyglEditPage'), ('324F3647F07B4A9EB05033B0597CE634', 'zyglEditPage');
COMMIT;

-- ----------------------------
-- Table structure for ade_user
-- ----------------------------
DROP TABLE IF EXISTS `ade_user`;
CREATE TABLE `ade_user` (
`ID`  varchar(32) CHARACTER SET utf8 COLLATE utf8_general_ci NOT NULL COMMENT '用户ID编码' ,
`LOGIN_NAME`  varchar(100) CHARACTER SET utf8 COLLATE utf8_general_ci NOT NULL COMMENT '登录名' ,
`USER_NAME`  varchar(50) CHARACTER SET utf8 COLLATE utf8_general_ci NULL DEFAULT NULL COMMENT '用户名称' ,
`NAME_LETTER`  varchar(10) CHARACTER SET utf8 COLLATE utf8_general_ci NULL DEFAULT NULL COMMENT '拼音首字母，例如：“公司”首字母为G' ,
`PASSWORD`  varchar(100) CHARACTER SET utf8 COLLATE utf8_general_ci NOT NULL COMMENT '密码' ,
`SEX`  varchar(2) CHARACTER SET utf8 COLLATE utf8_general_ci NULL DEFAULT NULL COMMENT '性别' ,
`EMAIL`  varchar(50) CHARACTER SET utf8 COLLATE utf8_general_ci NULL DEFAULT NULL COMMENT '邮箱' ,
`TELE_PHONE`  varchar(30) CHARACTER SET utf8 COLLATE utf8_general_ci NULL DEFAULT NULL COMMENT '电话号码' ,
`USER_PHOTO`  varchar(255) CHARACTER SET utf8 COLLATE utf8_general_ci NULL DEFAULT NULL COMMENT '用户图片' ,
`MOBILE_PHONE`  varchar(30) CHARACTER SET utf8 COLLATE utf8_general_ci NULL DEFAULT NULL COMMENT '手机号码' ,
`USER_DESC`  varchar(255) CHARACTER SET utf8 COLLATE utf8_general_ci NULL DEFAULT NULL COMMENT '用户描述' ,
`USER_STATE`  varchar(2) CHARACTER SET utf8 COLLATE utf8_general_ci NULL DEFAULT NULL COMMENT '用户状态，是否使用 1：使用  9 废弃' ,
`CREATE_DATE`  datetime NULL DEFAULT NULL COMMENT '创建日期' ,
`IP`  text CHARACTER SET utf8 COLLATE utf8_general_ci NULL COMMENT '多个ip用;隔开' ,
`UPDATE_DATE`  datetime NULL DEFAULT NULL COMMENT '更新时间' ,
`ORG_ID`  varchar(32) CHARACTER SET utf8 COLLATE utf8_general_ci NULL DEFAULT NULL COMMENT '组织机构ID编码' ,
PRIMARY KEY (`ID`),
FOREIGN KEY (`ORG_ID`) REFERENCES `ade_organization` (`ID`) ON DELETE RESTRICT ON UPDATE RESTRICT,
UNIQUE INDEX `UK_lub3dp8cwuw4mkn5e9nkw6c0i` (`LOGIN_NAME`) USING BTREE ,
INDEX `FK_2364hr7n3v0ie40c61oufo0k0` (`ORG_ID`) USING BTREE 
)
ENGINE=InnoDB
DEFAULT CHARACTER SET=utf8 COLLATE=utf8_general_ci

;

-- ----------------------------
-- Records of ade_user
-- ----------------------------
BEGIN;
INSERT INTO `ade_user` VALUES ('0', 'admin', '系统管理员', 'X', 'c4ca4238a0b923820dcc509a6f75849b', '男', '', '', null, '', '', '1', null, '', '2017-03-20 13:38:28', '1'), ('16029B1D108F40B1B0AC27E18736E8A7', '2', '', null, 'c81e728d9d4c2f636f067f89cc14862c', null, '', '', null, '', '', '1', '2017-08-24 10:58:56', '', null, null), ('1CD1C5EF81344C438745DD129380BA8E', 'jijj', '纪军军', 'J', '802941703d68818e16b4aa376a11debc', '男', '123@123.com', '5555', null, '33333', null, '9', '2017-04-19 11:36:24', '', null, null), ('31849D0E5DEE44F68DC1329A35B29350', 'admdddfin', 'ddd', 'D', 'e10adc3949ba59abbe56e057f20f883e', '男', '', '', null, '', '', '1', '2016-06-24 16:09:05', '', '2016-06-24 16:24:11', null), ('5FEEC743022D4DF1BBDB217ED2A7B774', 'agency1', 'agency1', 'A', 'e10adc3949ba59abbe56e057f20f883e', '男', '', '', null, '13022222222', '财务部/财务总监', '1', '2016-03-04 15:05:33', '192.168.3.104', '2016-07-13 11:14:45', '05A4267C0FAF4066BC7FE76BD22291DD'), ('6E1FFE66108F4888B039E0C7D08853A4', '1', '', null, 'c4ca4238a0b923820dcc509a6f75849b', '男', '', '', null, '', '', '1', '2017-03-23 14:42:21', '', null, null), ('8607A54955E0472FB4B58498F24B0A0B', 'qinl', '秦磊', 'Q', 'e10adc3949ba59abbe56e057f20f883e', '男', '123@123.com', '55555', null, '111111', null, '1', '2017-04-19 11:36:23', '', null, 'BBC188BCB7454145A37749C88124C62B'), ('90B2DB2A0B294DE88C917D946BBAEB6E', 'zhangs', '张三', 'Z', 'e10adc3949ba59abbe56e057f20f883e', '女', '123@123.com', '55555', null, '2222222', null, '1', '2017-04-19 11:36:23', '110.11.11.11', null, 'F73DA22A43C84B0E94D18C074F062514'), ('F453057D25754554A075AC597C600D22', 'yyy', '', null, 'f0a4058fd33489695d53df156b77c724', '男', '', '', null, '', '', '1', '2017-03-16 18:01:05', '', '2017-03-16 18:02:18', null), ('F9B96813DCBD44ACBF55DA5C52A2A713', 'chenf', '陈飞', 'C', 'e10adc3949ba59abbe56e057f20f883e', '', '123@123.com', '', null, '4444444', null, '1', '2017-04-19 11:36:24', '', null, '2A0CB12913E24850BE31FFFC1175C191');
COMMIT;

-- ----------------------------
-- Table structure for ade_user_logs
-- ----------------------------
DROP TABLE IF EXISTS `ade_user_logs`;
CREATE TABLE `ade_user_logs` (
`ID`  varchar(36) CHARACTER SET utf8 COLLATE utf8_general_ci NOT NULL COMMENT '用户日志ID编码' ,
`CONTENT`  varchar(255) CHARACTER SET utf8 COLLATE utf8_general_ci NOT NULL COMMENT '日志内容' ,
`BROWSER_TYPE`  varchar(36) CHARACTER SET utf8 COLLATE utf8_general_ci NOT NULL COMMENT '浏览器类型' ,
`BROWSER_VERSION`  varchar(36) CHARACTER SET utf8 COLLATE utf8_general_ci NOT NULL COMMENT '浏览器版本' ,
`OS_TYPE`  varchar(36) CHARACTER SET utf8 COLLATE utf8_general_ci NOT NULL COMMENT '操作系统类型' ,
`OS_VERSION`  varchar(36) CHARACTER SET utf8 COLLATE utf8_general_ci NOT NULL COMMENT '操作系统版本' ,
`MODULE_NAME`  varchar(300) CHARACTER SET utf8 COLLATE utf8_general_ci NULL DEFAULT NULL ,
`OPERATE_TIME`  datetime NOT NULL COMMENT '操作时间' ,
`USER_ID`  varchar(32) CHARACTER SET utf8 COLLATE utf8_general_ci NOT NULL COMMENT '用户ID' ,
`IP`  varchar(36) CHARACTER SET utf8 COLLATE utf8_general_ci NOT NULL COMMENT '登录用户所在iP' ,
`LOG_TYPE`  int(11) NOT NULL COMMENT '日志类型' ,
`VALUE1`  varchar(100) CHARACTER SET utf8 COLLATE utf8_general_ci NULL DEFAULT NULL COMMENT '外键ID' ,
`VALUE2`  varchar(100) CHARACTER SET utf8 COLLATE utf8_general_ci NULL DEFAULT NULL COMMENT '行为记录' ,
PRIMARY KEY (`ID`),
FOREIGN KEY (`USER_ID`) REFERENCES `ade_user` (`ID`) ON DELETE RESTRICT ON UPDATE RESTRICT,
INDEX `fk_ade_user_logs_01` (`USER_ID`) USING BTREE 
)
ENGINE=InnoDB
DEFAULT CHARACTER SET=utf8 COLLATE=utf8_general_ci

;

-- ----------------------------
-- Records of ade_user_logs
-- ----------------------------
BEGIN;
INSERT INTO `ade_user_logs` VALUES ('0AF5C90532394AAA923B54117D201D2B', '普通用户登录成功', 'Chrome', '59.0.3071.86', 'Windows', '10', null, '2017-08-23 13:34:47', 'F453057D25754554A075AC597C600D22', '本地', '0', null, null), ('0B0B22F52777470C8814ACB095080B26', '普通用户登录成功', 'Chrome', '59.0.3071.86', 'Windows', '10', null, '2017-08-24 10:41:54', 'F453057D25754554A075AC597C600D22', '本地', '0', null, null), ('1745D22FC3C1442D8318261B802F156A', '普通用户登录成功', 'Chrome', '59.0.3071.86', 'Windows', '10', null, '2017-08-24 10:26:27', 'F453057D25754554A075AC597C600D22', '本地', '0', null, null), ('553E55DFAB764FE69F207BE4F9B53987', '普通用户登录成功', 'Chrome', '59.0.3071.86', 'Windows', '10', null, '2017-08-23 10:30:43', 'F453057D25754554A075AC597C600D22', '本地', '0', null, null), ('87F8D35DE8DC4598A86FE13B311E6025', '普通用户登录成功', 'Chrome', '59.0.3071.86', 'Windows', '10', null, '2017-08-23 10:32:21', 'F453057D25754554A075AC597C600D22', '本地', '0', null, null), ('9D370DECC7DC44958CF50D734D8764CD', '普通用户登录成功', 'Chrome', '59.0.3071.86', 'Windows', '10', null, '2017-08-23 13:30:46', 'F453057D25754554A075AC597C600D22', '本地', '0', null, null), ('A40774939C2E46CBBE08D4BA2785BD15', '普通用户登录成功', 'Chrome', '59.0.3071.86', 'Windows', '10', null, '2017-08-24 10:25:32', 'F453057D25754554A075AC597C600D22', '本地', '0', null, null), ('B02D06FE23944F6B96BC81EB71161110', '普通用户登录成功', 'Chrome', '59.0.3071.86', 'Windows', '10', null, '2017-08-23 13:02:33', 'F453057D25754554A075AC597C600D22', '本地', '0', null, null);
COMMIT;

-- ----------------------------
-- Table structure for ade_user_role
-- ----------------------------
DROP TABLE IF EXISTS `ade_user_role`;
CREATE TABLE `ade_user_role` (
`USER_ID`  varchar(32) CHARACTER SET utf8 COLLATE utf8_general_ci NOT NULL COMMENT '用户ID编码' ,
`ROLE_ID`  varchar(32) CHARACTER SET utf8 COLLATE utf8_general_ci NOT NULL COMMENT '角色ID编码' ,
PRIMARY KEY (`ROLE_ID`, `USER_ID`),
FOREIGN KEY (`ROLE_ID`) REFERENCES `ade_role` (`ID`) ON DELETE RESTRICT ON UPDATE RESTRICT,
FOREIGN KEY (`USER_ID`) REFERENCES `ade_user` (`ID`) ON DELETE RESTRICT ON UPDATE RESTRICT,
INDEX `FK_8vmilpq0v3wkfbw2jiwl5h2jy` (`ROLE_ID`) USING BTREE ,
INDEX `FK_fb1o8fuyirvvk9t5g7e4v0o5f` (`USER_ID`) USING BTREE 
)
ENGINE=InnoDB
DEFAULT CHARACTER SET=utf8 COLLATE=utf8_general_ci

;

-- ----------------------------
-- Records of ade_user_role
-- ----------------------------
BEGIN;
INSERT INTO `ade_user_role` VALUES ('0', '0'), ('5FEEC743022D4DF1BBDB217ED2A7B774', '2DC54FCBD7BF46DBA92B8B2DE0392B27'), ('0', '324F3647F07B4A9EB05033B0597CE634'), ('0', '51BFCE9118C24450BCAD649011104E2B'), ('0', 'A00A1EF86BE14F7BA875DF4EE7533F8E'), ('F453057D25754554A075AC597C600D22', 'A00A1EF86BE14F7BA875DF4EE7533F8E');
COMMIT;

-- ----------------------------
-- Table structure for eg_channel
-- ----------------------------
DROP TABLE IF EXISTS `eg_channel`;
CREATE TABLE `eg_channel` (
`ID`  varchar(32) CHARACTER SET utf8 COLLATE utf8_general_ci NOT NULL COMMENT '唯一标识' ,
`NAME`  varchar(255) CHARACTER SET utf8 COLLATE utf8_general_ci NULL DEFAULT NULL COMMENT '名称' ,
`SORTID`  int(11) NULL DEFAULT NULL COMMENT '栏目排序' ,
`PID`  varchar(32) CHARACTER SET utf8 COLLATE utf8_general_ci NULL DEFAULT NULL COMMENT '父节点' ,
PRIMARY KEY (`ID`),
FOREIGN KEY (`PID`) REFERENCES `eg_channel` (`ID`) ON DELETE RESTRICT ON UPDATE RESTRICT,
INDEX `fk_eg_channel_001` (`PID`) USING BTREE 
)
ENGINE=InnoDB
DEFAULT CHARACTER SET=utf8 COLLATE=utf8_general_ci

;

-- ----------------------------
-- Records of eg_channel
-- ----------------------------
BEGIN;
INSERT INTO `eg_channel` VALUES ('1', '1', null, null), ('11', '11', null, '1'), ('5F539B2AF221472F95F906BF44C746D3', 'ADE使用文档', null, 'A02D50C1452440B38AD2F8903CC4326A'), ('77AF295BBB4C42F49FDC2CDB21EC5CFB', '视频', null, null), ('8A00F02242F34239BFBCA63ABBD7201C', '测试', null, null), ('A02D50C1452440B38AD2F8903CC4326A', '帮助文档', null, null), ('CA1164994BAA4EB69C4B4313BAE1315B', '111', null, '11'), ('D44E393C1F684818A4B6168C709F98DB', '测试栏目55', null, '8A00F02242F34239BFBCA63ABBD7201C'), ('D690AE06F67549748DA15FB9778C5BA1', '娱乐', null, null);
COMMIT;

-- ----------------------------
-- Table structure for eg_content
-- ----------------------------
DROP TABLE IF EXISTS `eg_content`;
CREATE TABLE `eg_content` (
`ID`  varchar(32) CHARACTER SET utf8 COLLATE utf8_general_ci NOT NULL ,
`CHANNEL_ID`  varchar(32) CHARACTER SET utf8 COLLATE utf8_general_ci NOT NULL COMMENT '所属栏目' ,
`TITLE`  varchar(500) CHARACTER SET utf8 COLLATE utf8_general_ci NOT NULL COMMENT '标题' ,
`SUB_TITLE`  varchar(500) CHARACTER SET utf8 COLLATE utf8_general_ci NULL DEFAULT NULL COMMENT '副标题' ,
`AUTHOR`  varchar(100) CHARACTER SET utf8 COLLATE utf8_general_ci NULL DEFAULT NULL COMMENT '文章作者' ,
`SOURCE`  varchar(100) CHARACTER SET utf8 COLLATE utf8_general_ci NULL DEFAULT NULL COMMENT '文章来源' ,
`IS_OUT_LINK`  varchar(2) CHARACTER SET utf8 COLLATE utf8_general_ci NULL DEFAULT NULL COMMENT '是否为外链，0：非外链，1：外链' ,
`LINK`  varchar(500) CHARACTER SET utf8 COLLATE utf8_general_ci NULL DEFAULT NULL COMMENT '文章URL' ,
`PUBLISH_TIME`  datetime NULL DEFAULT NULL COMMENT '发布时间' ,
`STATUS`  varchar(2) CHARACTER SET utf8 COLLATE utf8_general_ci NOT NULL COMMENT '状态。0：未发布，1：发布，9：删除' ,
`CONTENT`  longtext CHARACTER SET utf8 COLLATE utf8_general_ci NULL COMMENT '文章内容' ,
`REMARK`  longtext CHARACTER SET utf8 COLLATE utf8_general_ci NULL COMMENT '文章备注' ,
`CREATE_USER`  varchar(32) CHARACTER SET utf8 COLLATE utf8_general_ci NOT NULL DEFAULT '' COMMENT '创建人' ,
`CREATE_TIME`  datetime NULL DEFAULT NULL COMMENT '创建时间' ,
`UPDATE_USER`  varchar(32) CHARACTER SET utf8 COLLATE utf8_general_ci NULL DEFAULT NULL COMMENT '修改人' ,
`UPDATE_TIME`  datetime NULL DEFAULT NULL COMMENT '更新时间' ,
PRIMARY KEY (`ID`),
FOREIGN KEY (`CREATE_USER`) REFERENCES `ade_user` (`ID`) ON DELETE RESTRICT ON UPDATE RESTRICT,
FOREIGN KEY (`UPDATE_USER`) REFERENCES `ade_user` (`ID`) ON DELETE RESTRICT ON UPDATE RESTRICT,
FOREIGN KEY (`CHANNEL_ID`) REFERENCES `eg_channel` (`ID`) ON DELETE RESTRICT ON UPDATE RESTRICT,
INDEX `fk_eg_content_001` (`CREATE_USER`) USING BTREE ,
INDEX `fk_eg_content_002` (`UPDATE_USER`) USING BTREE ,
INDEX `fk_eg_content_003` (`CHANNEL_ID`) USING BTREE 
)
ENGINE=InnoDB
DEFAULT CHARACTER SET=utf8 COLLATE=utf8_general_ci

;

-- ----------------------------
-- Records of eg_content
-- ----------------------------
BEGIN;
INSERT INTO `eg_content` VALUES ('1EEA735A7C5F46EDAD176EFD7C7DAB66', '77AF295BBB4C42F49FDC2CDB21EC5CFB', '视频网站', '', '', '', '0', '', null, '1', '', '', '0', null, '0', '2017-08-15 16:05:25'), ('28B11D44F01642899A398E257D148B04', '1', '777', '', '', '', '0', '', null, '1', '', '', '0', '2017-08-15 11:26:41', null, null), ('38C5355DD2754B40A11CF50CD2CA599C', '1', '测试标题', '测试标题', '', '', '0', '', null, '0', '&lt;img src=&quot;/ade3demo/demo/kindEditorFileManagerController/img?f=%5Cimage%5C38%5CC5%5C35%5C38C5355DD2754B40A11CF50CD2CA599C%5C1702bcee-7594-4be9-8791-f914578bcd48.jpg&quot; alt=&quot;&quot; /&gt;这里是一些文章的简要信息。', '', '0', '2017-08-17 11:30:03', null, null), ('65F8942A50AB4CEEB1F52278EC3F9E1E', '1', '附件测试', '', '', '', '0', '', null, '0', '', '', '0', '2017-08-17 13:26:06', null, null), ('76C4B9E192994F5E9780E9E2BA87C804', '77AF295BBB4C42F49FDC2CDB21EC5CFB', '视频2', '', '', '', '0', '', null, '0', '', '', '0', '2017-08-15 16:05:12', null, null), ('7708C0AD36BE4FC8BC1548BD2FCF8839', '1', '55555', '', '', '', '0', '', null, '0', '', '', '0', '2017-08-15 11:26:36', null, null), ('91DD09CED87946BD8B301D5A26DB2E20', '1', '从站起来到强起来:中国共产党引领伟大复兴', '', '', '', '0', '', null, '0', '<p style=\"font-size:16px;font-family:SimSun;color:#2B2B2B;\">\r\n	“我们一定不负重托，不辱使命。”这是习近平总书记上任伊始作出的庄严承诺。五年过去，中国发展站到新的历史起点上，中国特色社会主义进入新的发展阶段，实现了从站起来、富起来到强起来的历史性飞跃，世界越来越看好中国。\r\n</p>\r\n<p style=\"font-size:16px;font-family:SimSun;color:#2B2B2B;\">\r\n	　　如今，中国临近“两个一百年”目标的历史交汇点。关键当口，继续引领历经沧<img src=\"/ade3demo/demo/kindEditorFileManagerController/img?f=%5Cimage%5C91%5CDD%5C09%5C91DD09CED87946BD8B301D5A26DB2E20%5C18514f75-b6b8-4ed3-bd10-74c13f0bef5b.jpg\" alt=\"\" />桑的东方大国走向复兴，成为习近平和中国共产党人的历史使命。\r\n</p>\r\n<p align=\"center\" style=\"font-size:16px;font-family:SimSun;color:#2B2B2B;\">\r\n	<strong>一、这五年我们办成了不少大事，我国发展站到新的历史起点上</strong> \r\n</p>\r\n<p style=\"font-size:16px;font-family:SimSun;color:#2B2B2B;\">\r\n	　　这五年是“党和国家发展进程中很不平凡的5年”，习近平的话让人深有感触。\r\n</p>\r\n<p style=\"font-size:16px;font-family:SimSun;color:#2B2B2B;\">\r\n	　　首艘国产航母下水、国产大型客机C919成功首飞、“天眼”探空、“蛟龙”入海、“墨子号”发射升空……五年间，一系列“国之重器”让世界刮目相看。<strong>这些激动人心的场景，让中国人的信心和梦想被不断点燃。</strong> \r\n</p>\r\n<p style=\"font-size:16px;font-family:SimSun;color:#2B2B2B;\">\r\n	　　而改革发展稳定、内政外交国防、治党治国治军等各方面，在习近平的领导下，取得了历史性成就和变革。五年来，党中央推出一系列重大战略举措，出台一系列重大方针政策，推进一系列重大工作，解决了许多长期想解决而没有解决的难题，办成了许多过去想办而没有办成的大事。\r\n</p>\r\n<p style=\"font-size:16px;font-family:SimSun;color:#2B2B2B;\">\r\n	　　“环顾世界，没有一个国家能像当今中国这样，以一种说到做到、只争朝夕的方式推进改革。”对这场变革，有外媒如此评价。\r\n</p>\r\n<p style=\"font-size:16px;font-family:SimSun;color:#2B2B2B;\">\r\n	　　认清历史方位，才能看清前行的方向。<strong>近代以来，</strong>&nbsp;<strong>从落后挨打到新中国成立“站起来”、改革开放“富起来”再到“强起来”，我们经历了很多大风大浪。如今，民族复兴的接力棒交到了我们这一代人的手上。</strong> \r\n</p>\r\n<p style=\"font-size:16px;font-family:SimSun;color:#2B2B2B;\">\r\n	　　习近平强调，“即将召开的党的十九大，是在全面建成小康社会决胜阶段、中国特色社会主义发展关键时期召开的一次十分重要的大会。”而大会选出的新一届中央委员会，将承担收官第一个百年奋斗目标、开启第二个百年奋斗目标的历史重任。\r\n</p>\r\n<p align=\"center\" style=\"font-size:16px;font-family:SimSun;color:#2B2B2B;\">\r\n	<strong>二、站到新的历史起点，要有正确的方向，要有新的精神状态和奋斗姿态</strong> \r\n</p>\r\n<p style=\"font-size:16px;font-family:SimSun;color:#2B2B2B;\">\r\n	　　越是接近梦想实现，越要头脑清醒、居安思危。新的历史起点上，“怎么看、怎么干”就变得极为重要。\r\n</p>\r\n<p style=\"font-size:16px;font-family:SimSun;color:#2B2B2B;\">\r\n	　　道路决定命运，道路就是党的生命。对中国这样的大国来说，尤其如此。经过党带领人民近百年的持续奋斗，现在，我们前所未有地靠近世界舞台中心。<strong>路走对了，就不怕遥远。</strong> \r\n</p>\r\n<p style=\"font-size:16px;font-family:SimSun;color:#2B2B2B;\">\r\n	　　“中国特色社会主义是改革开放以来党的全部理论和实践的主题”，这是习近平作出的明确判断。\r\n</p>\r\n<p style=\"font-size:16px;font-family:SimSun;color:#2B2B2B;\">\r\n	　　“全党必须高举中国特色社会主义伟大旗帜，牢固树立中国特色社会主义道路自信、理论自信、制度自信、文化自信，确保党和国家事业始终沿着正确方向胜利前进。”这是习近平对于全党的明确要求。\r\n</p>\r\n<p style=\"font-size:16px;font-family:SimSun;color:#2B2B2B;\">\r\n	　　<strong>中国特色社会主义进入了新的发展阶段，需要解决新的问题。</strong>&nbsp;一方面，经过改革开放近40年的发展，我国社会生产力水平明显提高；人民生活显著改善，对美好生活的向往更加强烈，人民群众的需要呈现多样化多层次多方面的特点。另一方面，面临的风险挑战不少，地区发展还很不平衡，仍有4000多万贫困人口没有脱贫，污染治理和生态问题突出，发展的短板不少。\r\n</p>\r\n<p style=\"font-size:16px;font-family:SimSun;color:#2B2B2B;\">\r\n	　　如何应对挑战？就是要直面问题，不回避、不绕开。我们看到，五年来，习近平始终坚持问题导向，解决了一大批老百姓反映强烈、期盼解决的问题。接下来，决胜全面小康社会，他强调，<strong>特别要打好防范化解重大风险、精准脱贫、污染防治这“三大攻坚战”</strong>&nbsp;，坚定不移深化供给侧结构性改革，推动经济社会持续健康发展。\r\n</p>\r\n<p style=\"font-size:16px;font-family:SimSun;color:#2B2B2B;\">\r\n	<img src=\"/ade3demo/demo/kindEditorFileManagerController/img?f=%5Cimage%5C91%5CDD%5C09%5C91DD09CED87946BD8B301D5A26DB2E20%5C000b10f8-f65b-46cd-8f03-1d89a95d262f.jpg\" alt=\"\" /> \r\n</p>\r\n<p style=\"font-size:16px;font-family:SimSun;color:#2B2B2B;\">\r\n	　　<strong>挑战面前，也要有底线思维。</strong>&nbsp;增强忧患意识、亮明底线，才能作出准确研判，及时采取应对之策。正如习近平所言，要“看到形势发展变化给我们带来的风险，从最坏处着眼，\r\n</p>\r\n<p style=\"font-size:16px;font-family:SimSun;color:#2B2B2B;\">\r\n	做最充分的准备，朝好的方向努力，争取最好的结果”。\r\n</p>', '', '0', '2017-08-17 11:39:09', null, null), ('9EAD196252EE4F7E84B575B87921DE42', '1', '8999999', '', '', '', '0', '', null, '9', '', '', '0', '2017-08-15 11:26:47', null, null), ('CB19B80914494E42AC6FE4392E7D1FD8', '1', '内容', '', '', '', '0', '', null, '1', '', '', '0', '2017-08-15 15:55:44', null, null);
COMMIT;

-- ----------------------------
-- Table structure for eg_content_attachment
-- ----------------------------
DROP TABLE IF EXISTS `eg_content_attachment`;
CREATE TABLE `eg_content_attachment` (
`ID`  varchar(32) CHARACTER SET utf8 COLLATE utf8_general_ci NOT NULL ,
`CONTENT_ID`  varchar(32) CHARACTER SET utf8 COLLATE utf8_general_ci NULL DEFAULT NULL ,
`NAME`  varchar(500) CHARACTER SET utf8 COLLATE utf8_general_ci NULL DEFAULT NULL COMMENT '附件名称' ,
`URL`  varchar(500) CHARACTER SET utf8 COLLATE utf8_general_ci NULL DEFAULT NULL COMMENT '附件url' ,
`SIZE`  varchar(50) CHARACTER SET utf8 COLLATE utf8_general_ci NULL DEFAULT NULL COMMENT '附件大小' ,
`ORDER_NUM`  int(11) NULL DEFAULT 0 COMMENT '排序号' ,
`CREATE_TIME`  datetime NULL DEFAULT NULL COMMENT '上传时间' ,
`CREATE_USER`  varchar(255) CHARACTER SET utf8 COLLATE utf8_general_ci NULL DEFAULT NULL COMMENT '上传人' ,
`LINK`  varchar(500) CHARACTER SET utf8 COLLATE utf8_general_ci NULL DEFAULT NULL ,
PRIMARY KEY (`ID`),
FOREIGN KEY (`CONTENT_ID`) REFERENCES `eg_content` (`ID`) ON DELETE RESTRICT ON UPDATE RESTRICT,
INDEX `CONTENT_ID` (`CONTENT_ID`) USING BTREE 
)
ENGINE=InnoDB
DEFAULT CHARACTER SET=utf8 COLLATE=utf8_general_ci

;

-- ----------------------------
-- Records of eg_content_attachment
-- ----------------------------
BEGIN;
COMMIT;

-- ----------------------------
-- Table structure for eg_plans
-- ----------------------------
DROP TABLE IF EXISTS `eg_plans`;
CREATE TABLE `eg_plans` (
`ID`  varchar(32) CHARACTER SET utf8 COLLATE utf8_general_ci NOT NULL COMMENT '唯一标识' ,
`TITLE`  varchar(300) CHARACTER SET utf8 COLLATE utf8_general_ci NOT NULL COMMENT '标题' ,
`CONTENT`  longtext CHARACTER SET utf8 COLLATE utf8_general_ci NULL COMMENT '内容' ,
`PLAN_TIME`  varchar(32) CHARACTER SET utf8 COLLATE utf8_general_ci NULL DEFAULT NULL COMMENT '任务计划时间' ,
`OWNER`  varchar(32) CHARACTER SET utf8 COLLATE utf8_general_ci NOT NULL COMMENT '创建人（任务的属于谁）' ,
`STATUS`  varchar(1) CHARACTER SET utf8 COLLATE utf8_general_ci NOT NULL COMMENT '状态（0：正常；1：完成；9：删除）' ,
PRIMARY KEY (`ID`),
FOREIGN KEY (`OWNER`) REFERENCES `ade_user` (`ID`) ON DELETE RESTRICT ON UPDATE RESTRICT,
INDEX `fk_eg_plans_001` (`OWNER`) USING BTREE 
)
ENGINE=InnoDB
DEFAULT CHARACTER SET=utf8 COLLATE=utf8_general_ci

;

-- ----------------------------
-- Records of eg_plans
-- ----------------------------
BEGIN;
COMMIT;
